0,mynet_4,1250858,02 Dec 2016 21:10:08,"[<keras.layers.convolutional.Convolution2D object at 0x7fbe468da650>, <keras.layers.core.Activation object at 0x7fbe7afd45d0>, <keras.layers.convolutional.Convolution2D object at 0x7fbe46634950>, <keras.layers.core.Activation object at 0x7fbe445e8f90>, <keras.layers.pooling.MaxPooling2D object at 0x7fbe445e8150>, <keras.layers.core.Dropout object at 0x7fbe4663f590>, <keras.layers.convolutional.Convolution2D object at 0x7fbe445abed0>, <keras.layers.core.Activation object at 0x7fbe445c2690>, <keras.layers.convolutional.Convolution2D object at 0x7fbe445abd90>, <keras.layers.core.Activation object at 0x7fbe445e0890>, <keras.layers.pooling.MaxPooling2D object at 0x7fbe4456bc50>, <keras.layers.core.Dropout object at 0x7fbe44578e90>, <keras.layers.core.Flatten object at 0x7fbe44537bd0>, <keras.layers.core.Dense object at 0x7fbe4454e910>, <keras.layers.core.Activation object at 0x7fbe4454eb50>, <keras.layers.core.Dropout object at 0x7fbe4454eb10>, <keras.layers.core.Dense object at 0x7fbe4450e810>, <keras.layers.core.Activation object at 0x7fbe444b3d90>]",<keras.optimizers.SGD object at 0x7fbe444d76d0>,2.1729279094696046,True,0.009999999776482582,0.8999999761581421,9.999999974752427e-07,0.18637999999999999,2.1729279094696046,0.33810000000000001,1.8569990150451661
1,mynet_4,1250858,02 Dec 2016 21:10:53,"[<keras.layers.convolutional.Convolution2D object at 0x7fbe468da650>, <keras.layers.core.Activation object at 0x7fbe7afd45d0>, <keras.layers.convolutional.Convolution2D object at 0x7fbe46634950>, <keras.layers.core.Activation object at 0x7fbe445e8f90>, <keras.layers.pooling.MaxPooling2D object at 0x7fbe445e8150>, <keras.layers.core.Dropout object at 0x7fbe4663f590>, <keras.layers.convolutional.Convolution2D object at 0x7fbe445abed0>, <keras.layers.core.Activation object at 0x7fbe445c2690>, <keras.layers.convolutional.Convolution2D object at 0x7fbe445abd90>, <keras.layers.core.Activation object at 0x7fbe445e0890>, <keras.layers.pooling.MaxPooling2D object at 0x7fbe4456bc50>, <keras.layers.core.Dropout object at 0x7fbe44578e90>, <keras.layers.core.Flatten object at 0x7fbe44537bd0>, <keras.layers.core.Dense object at 0x7fbe4454e910>, <keras.layers.core.Activation object at 0x7fbe4454eb50>, <keras.layers.core.Dropout object at 0x7fbe4454eb10>, <keras.layers.core.Dense object at 0x7fbe4450e810>, <keras.layers.core.Activation object at 0x7fbe444b3d90>]",<keras.optimizers.SGD object at 0x7fbe444d76d0>,1.7410723069763183,True,0.009999999776482582,0.8999999761581421,9.999999974752427e-07,0.36975999999999998,1.7410723069763183,0.45829999999999999,1.4899189192771911
2,mynet_4,1250858,02 Dec 2016 21:11:38,"[<keras.layers.convolutional.Convolution2D object at 0x7fbe468da650>, <keras.layers.core.Activation object at 0x7fbe7afd45d0>, <keras.layers.convolutional.Convolution2D object at 0x7fbe46634950>, <keras.layers.core.Activation object at 0x7fbe445e8f90>, <keras.layers.pooling.MaxPooling2D object at 0x7fbe445e8150>, <keras.layers.core.Dropout object at 0x7fbe4663f590>, <keras.layers.convolutional.Convolution2D object at 0x7fbe445abed0>, <keras.layers.core.Activation object at 0x7fbe445c2690>, <keras.layers.convolutional.Convolution2D object at 0x7fbe445abd90>, <keras.layers.core.Activation object at 0x7fbe445e0890>, <keras.layers.pooling.MaxPooling2D object at 0x7fbe4456bc50>, <keras.layers.core.Dropout object at 0x7fbe44578e90>, <keras.layers.core.Flatten object at 0x7fbe44537bd0>, <keras.layers.core.Dense object at 0x7fbe4454e910>, <keras.layers.core.Activation object at 0x7fbe4454eb50>, <keras.layers.core.Dropout object at 0x7fbe4454eb10>, <keras.layers.core.Dense object at 0x7fbe4450e810>, <keras.layers.core.Activation object at 0x7fbe444b3d90>]",<keras.optimizers.SGD object at 0x7fbe444d76d0>,1.5252623931121827,True,0.009999999776482582,0.8999999761581421,9.999999974752427e-07,0.44651999999999997,1.5252623931121827,0.52749999999999997,1.3197022792816162
3,mynet_4,1250858,02 Dec 2016 21:12:22,"[<keras.layers.convolutional.Convolution2D object at 0x7fbe468da650>, <keras.layers.core.Activation object at 0x7fbe7afd45d0>, <keras.layers.convolutional.Convolution2D object at 0x7fbe46634950>, <keras.layers.core.Activation object at 0x7fbe445e8f90>, <keras.layers.pooling.MaxPooling2D object at 0x7fbe445e8150>, <keras.layers.core.Dropout object at 0x7fbe4663f590>, <keras.layers.convolutional.Convolution2D object at 0x7fbe445abed0>, <keras.layers.core.Activation object at 0x7fbe445c2690>, <keras.layers.convolutional.Convolution2D object at 0x7fbe445abd90>, <keras.layers.core.Activation object at 0x7fbe445e0890>, <keras.layers.pooling.MaxPooling2D object at 0x7fbe4456bc50>, <keras.layers.core.Dropout object at 0x7fbe44578e90>, <keras.layers.core.Flatten object at 0x7fbe44537bd0>, <keras.layers.core.Dense object at 0x7fbe4454e910>, <keras.layers.core.Activation object at 0x7fbe4454eb50>, <keras.layers.core.Dropout object at 0x7fbe4454eb10>, <keras.layers.core.Dense object at 0x7fbe4450e810>, <keras.layers.core.Activation object at 0x7fbe444b3d90>]",<keras.optimizers.SGD object at 0x7fbe444d76d0>,1.3529047905731202,True,0.009999999776482582,0.8999999761581421,9.999999974752427e-07,0.51576,1.3529047905731202,0.60599999999999998,1.103620347070694
4,mynet_4,1250858,02 Dec 2016 21:13:07,"[<keras.layers.convolutional.Convolution2D object at 0x7fbe468da650>, <keras.layers.core.Activation object at 0x7fbe7afd45d0>, <keras.layers.convolutional.Convolution2D object at 0x7fbe46634950>, <keras.layers.core.Activation object at 0x7fbe445e8f90>, <keras.layers.pooling.MaxPooling2D object at 0x7fbe445e8150>, <keras.layers.core.Dropout object at 0x7fbe4663f590>, <keras.layers.convolutional.Convolution2D object at 0x7fbe445abed0>, <keras.layers.core.Activation object at 0x7fbe445c2690>, <keras.layers.convolutional.Convolution2D object at 0x7fbe445abd90>, <keras.layers.core.Activation object at 0x7fbe445e0890>, <keras.layers.pooling.MaxPooling2D object at 0x7fbe4456bc50>, <keras.layers.core.Dropout object at 0x7fbe44578e90>, <keras.layers.core.Flatten object at 0x7fbe44537bd0>, <keras.layers.core.Dense object at 0x7fbe4454e910>, <keras.layers.core.Activation object at 0x7fbe4454eb50>, <keras.layers.core.Dropout object at 0x7fbe4454eb10>, <keras.layers.core.Dense object at 0x7fbe4450e810>, <keras.layers.core.Activation object at 0x7fbe444b3d90>]",<keras.optimizers.SGD object at 0x7fbe444d76d0>,1.2036160418701172,True,0.009999999776482582,0.8999999761581421,9.999999974752427e-07,0.57596000000000003,1.2036160418701172,0.64990000000000003,1.0012620711803437
5,mynet_4,1250858,02 Dec 2016 21:13:51,"[<keras.layers.convolutional.Convolution2D object at 0x7fbe468da650>, <keras.layers.core.Activation object at 0x7fbe7afd45d0>, <keras.layers.convolutional.Convolution2D object at 0x7fbe46634950>, <keras.layers.core.Activation object at 0x7fbe445e8f90>, <keras.layers.pooling.MaxPooling2D object at 0x7fbe445e8150>, <keras.layers.core.Dropout object at 0x7fbe4663f590>, <keras.layers.convolutional.Convolution2D object at 0x7fbe445abed0>, <keras.layers.core.Activation object at 0x7fbe445c2690>, <keras.layers.convolutional.Convolution2D object at 0x7fbe445abd90>, <keras.layers.core.Activation object at 0x7fbe445e0890>, <keras.layers.pooling.MaxPooling2D object at 0x7fbe4456bc50>, <keras.layers.core.Dropout object at 0x7fbe44578e90>, <keras.layers.core.Flatten object at 0x7fbe44537bd0>, <keras.layers.core.Dense object at 0x7fbe4454e910>, <keras.layers.core.Activation object at 0x7fbe4454eb50>, <keras.layers.core.Dropout object at 0x7fbe4454eb10>, <keras.layers.core.Dense object at 0x7fbe4450e810>, <keras.layers.core.Activation object at 0x7fbe444b3d90>]",<keras.optimizers.SGD object at 0x7fbe444d76d0>,1.1152889685630798,True,0.009999999776482582,0.8999999761581421,9.999999974752427e-07,0.6099,1.1152889685630798,0.68120000000000003,0.91649719257354734
6,mynet_4,1250858,02 Dec 2016 21:14:36,"[<keras.layers.convolutional.Convolution2D object at 0x7fbe468da650>, <keras.layers.core.Activation object at 0x7fbe7afd45d0>, <keras.layers.convolutional.Convolution2D object at 0x7fbe46634950>, <keras.layers.core.Activation object at 0x7fbe445e8f90>, <keras.layers.pooling.MaxPooling2D object at 0x7fbe445e8150>, <keras.layers.core.Dropout object at 0x7fbe4663f590>, <keras.layers.convolutional.Convolution2D object at 0x7fbe445abed0>, <keras.layers.core.Activation object at 0x7fbe445c2690>, <keras.layers.convolutional.Convolution2D object at 0x7fbe445abd90>, <keras.layers.core.Activation object at 0x7fbe445e0890>, <keras.layers.pooling.MaxPooling2D object at 0x7fbe4456bc50>, <keras.layers.core.Dropout object at 0x7fbe44578e90>, <keras.layers.core.Flatten object at 0x7fbe44537bd0>, <keras.layers.core.Dense object at 0x7fbe4454e910>, <keras.layers.core.Activation object at 0x7fbe4454eb50>, <keras.layers.core.Dropout object at 0x7fbe4454eb10>, <keras.layers.core.Dense object at 0x7fbe4450e810>, <keras.layers.core.Activation object at 0x7fbe444b3d90>]",<keras.optimizers.SGD object at 0x7fbe444d76d0>,1.0579918154907226,True,0.009999999776482582,0.8999999761581421,9.999999974752427e-07,0.63082000000000005,1.0579918154907226,0.66590000000000005,0.95605400056838985
7,mynet_4,1250858,02 Dec 2016 21:15:21,"[<keras.layers.convolutional.Convolution2D object at 0x7fbe468da650>, <keras.layers.core.Activation object at 0x7fbe7afd45d0>, <keras.layers.convolutional.Convolution2D object at 0x7fbe46634950>, <keras.layers.core.Activation object at 0x7fbe445e8f90>, <keras.layers.pooling.MaxPooling2D object at 0x7fbe445e8150>, <keras.layers.core.Dropout object at 0x7fbe4663f590>, <keras.layers.convolutional.Convolution2D object at 0x7fbe445abed0>, <keras.layers.core.Activation object at 0x7fbe445c2690>, <keras.layers.convolutional.Convolution2D object at 0x7fbe445abd90>, <keras.layers.core.Activation object at 0x7fbe445e0890>, <keras.layers.pooling.MaxPooling2D object at 0x7fbe4456bc50>, <keras.layers.core.Dropout object at 0x7fbe44578e90>, <keras.layers.core.Flatten object at 0x7fbe44537bd0>, <keras.layers.core.Dense object at 0x7fbe4454e910>, <keras.layers.core.Activation object at 0x7fbe4454eb50>, <keras.layers.core.Dropout object at 0x7fbe4454eb10>, <keras.layers.core.Dense object at 0x7fbe4450e810>, <keras.layers.core.Activation object at 0x7fbe444b3d90>]",<keras.optimizers.SGD object at 0x7fbe444d76d0>,1.0098626626586915,True,0.009999999776482582,0.8999999761581421,9.999999974752427e-07,0.64602000000000004,1.0098626626586915,0.68279999999999996,0.90400004434585568
8,mynet_4,1250858,02 Dec 2016 21:16:06,"[<keras.layers.convolutional.Convolution2D object at 0x7fbe468da650>, <keras.layers.core.Activation object at 0x7fbe7afd45d0>, <keras.layers.convolutional.Convolution2D object at 0x7fbe46634950>, <keras.layers.core.Activation object at 0x7fbe445e8f90>, <keras.layers.pooling.MaxPooling2D object at 0x7fbe445e8150>, <keras.layers.core.Dropout object at 0x7fbe4663f590>, <keras.layers.convolutional.Convolution2D object at 0x7fbe445abed0>, <keras.layers.core.Activation object at 0x7fbe445c2690>, <keras.layers.convolutional.Convolution2D object at 0x7fbe445abd90>, <keras.layers.core.Activation object at 0x7fbe445e0890>, <keras.layers.pooling.MaxPooling2D object at 0x7fbe4456bc50>, <keras.layers.core.Dropout object at 0x7fbe44578e90>, <keras.layers.core.Flatten object at 0x7fbe44537bd0>, <keras.layers.core.Dense object at 0x7fbe4454e910>, <keras.layers.core.Activation object at 0x7fbe4454eb50>, <keras.layers.core.Dropout object at 0x7fbe4454eb10>, <keras.layers.core.Dense object at 0x7fbe4450e810>, <keras.layers.core.Activation object at 0x7fbe444b3d90>]",<keras.optimizers.SGD object at 0x7fbe444d76d0>,0.97861531707763671,True,0.009999999776482582,0.8999999761581421,9.999999974752427e-07,0.66002000000000005,0.97861531707763671,0.71260000000000001,0.82044652624130254
9,mynet_4,1250858,02 Dec 2016 21:16:50,"[<keras.layers.convolutional.Convolution2D object at 0x7fbe468da650>, <keras.layers.core.Activation object at 0x7fbe7afd45d0>, <keras.layers.convolutional.Convolution2D object at 0x7fbe46634950>, <keras.layers.core.Activation object at 0x7fbe445e8f90>, <keras.layers.pooling.MaxPooling2D object at 0x7fbe445e8150>, <keras.layers.core.Dropout object at 0x7fbe4663f590>, <keras.layers.convolutional.Convolution2D object at 0x7fbe445abed0>, <keras.layers.core.Activation object at 0x7fbe445c2690>, <keras.layers.convolutional.Convolution2D object at 0x7fbe445abd90>, <keras.layers.core.Activation object at 0x7fbe445e0890>, <keras.layers.pooling.MaxPooling2D object at 0x7fbe4456bc50>, <keras.layers.core.Dropout object at 0x7fbe44578e90>, <keras.layers.core.Flatten object at 0x7fbe44537bd0>, <keras.layers.core.Dense object at 0x7fbe4454e910>, <keras.layers.core.Activation object at 0x7fbe4454eb50>, <keras.layers.core.Dropout object at 0x7fbe4454eb10>, <keras.layers.core.Dense object at 0x7fbe4450e810>, <keras.layers.core.Activation object at 0x7fbe444b3d90>]",<keras.optimizers.SGD object at 0x7fbe444d76d0>,0.94955822248458865,True,0.009999999776482582,0.8999999761581421,9.999999974752427e-07,0.66864000000000001,0.94955822248458865,0.69230000000000003,0.89289736428260802
10,mynet_4,1250858,02 Dec 2016 21:17:35,"[<keras.layers.convolutional.Convolution2D object at 0x7fbe468da650>, <keras.layers.core.Activation object at 0x7fbe7afd45d0>, <keras.layers.convolutional.Convolution2D object at 0x7fbe46634950>, <keras.layers.core.Activation object at 0x7fbe445e8f90>, <keras.layers.pooling.MaxPooling2D object at 0x7fbe445e8150>, <keras.layers.core.Dropout object at 0x7fbe4663f590>, <keras.layers.convolutional.Convolution2D object at 0x7fbe445abed0>, <keras.layers.core.Activation object at 0x7fbe445c2690>, <keras.layers.convolutional.Convolution2D object at 0x7fbe445abd90>, <keras.layers.core.Activation object at 0x7fbe445e0890>, <keras.layers.pooling.MaxPooling2D object at 0x7fbe4456bc50>, <keras.layers.core.Dropout object at 0x7fbe44578e90>, <keras.layers.core.Flatten object at 0x7fbe44537bd0>, <keras.layers.core.Dense object at 0x7fbe4454e910>, <keras.layers.core.Activation object at 0x7fbe4454eb50>, <keras.layers.core.Dropout object at 0x7fbe4454eb10>, <keras.layers.core.Dense object at 0x7fbe4450e810>, <keras.layers.core.Activation object at 0x7fbe444b3d90>]",<keras.optimizers.SGD object at 0x7fbe444d76d0>,0.93251453798294071,True,0.009999999776482582,0.8999999761581421,9.999999974752427e-07,0.67620000000000002,0.93251453798294071,0.70840000000000003,0.84972327618598942
11,mynet_4,1250858,02 Dec 2016 21:18:19,"[<keras.layers.convolutional.Convolution2D object at 0x7fbe468da650>, <keras.layers.core.Activation object at 0x7fbe7afd45d0>, <keras.layers.convolutional.Convolution2D object at 0x7fbe46634950>, <keras.layers.core.Activation object at 0x7fbe445e8f90>, <keras.layers.pooling.MaxPooling2D object at 0x7fbe445e8150>, <keras.layers.core.Dropout object at 0x7fbe4663f590>, <keras.layers.convolutional.Convolution2D object at 0x7fbe445abed0>, <keras.layers.core.Activation object at 0x7fbe445c2690>, <keras.layers.convolutional.Convolution2D object at 0x7fbe445abd90>, <keras.layers.core.Activation object at 0x7fbe445e0890>, <keras.layers.pooling.MaxPooling2D object at 0x7fbe4456bc50>, <keras.layers.core.Dropout object at 0x7fbe44578e90>, <keras.layers.core.Flatten object at 0x7fbe44537bd0>, <keras.layers.core.Dense object at 0x7fbe4454e910>, <keras.layers.core.Activation object at 0x7fbe4454eb50>, <keras.layers.core.Dropout object at 0x7fbe4454eb10>, <keras.layers.core.Dense object at 0x7fbe4450e810>, <keras.layers.core.Activation object at 0x7fbe444b3d90>]",<keras.optimizers.SGD object at 0x7fbe444d76d0>,0.8999744933891296,True,0.009999999776482582,0.8999999761581421,9.999999974752427e-07,0.68869999999999998,0.8999744933891296,0.71719999999999995,0.81543232519626618
12,mynet_4,1250858,02 Dec 2016 21:19:04,"[<keras.layers.convolutional.Convolution2D object at 0x7fbe468da650>, <keras.layers.core.Activation object at 0x7fbe7afd45d0>, <keras.layers.convolutional.Convolution2D object at 0x7fbe46634950>, <keras.layers.core.Activation object at 0x7fbe445e8f90>, <keras.layers.pooling.MaxPooling2D object at 0x7fbe445e8150>, <keras.layers.core.Dropout object at 0x7fbe4663f590>, <keras.layers.convolutional.Convolution2D object at 0x7fbe445abed0>, <keras.layers.core.Activation object at 0x7fbe445c2690>, <keras.layers.convolutional.Convolution2D object at 0x7fbe445abd90>, <keras.layers.core.Activation object at 0x7fbe445e0890>, <keras.layers.pooling.MaxPooling2D object at 0x7fbe4456bc50>, <keras.layers.core.Dropout object at 0x7fbe44578e90>, <keras.layers.core.Flatten object at 0x7fbe44537bd0>, <keras.layers.core.Dense object at 0x7fbe4454e910>, <keras.layers.core.Activation object at 0x7fbe4454eb50>, <keras.layers.core.Dropout object at 0x7fbe4454eb10>, <keras.layers.core.Dense object at 0x7fbe4450e810>, <keras.layers.core.Activation object at 0x7fbe444b3d90>]",<keras.optimizers.SGD object at 0x7fbe444d76d0>,0.89174091501235964,True,0.009999999776482582,0.8999999761581421,9.999999974752427e-07,0.69116,0.89174091501235964,0.73760000000000003,0.7640346840143204
13,mynet_4,1250858,02 Dec 2016 21:19:49,"[<keras.layers.convolutional.Convolution2D object at 0x7fbe468da650>, <keras.layers.core.Activation object at 0x7fbe7afd45d0>, <keras.layers.convolutional.Convolution2D object at 0x7fbe46634950>, <keras.layers.core.Activation object at 0x7fbe445e8f90>, <keras.layers.pooling.MaxPooling2D object at 0x7fbe445e8150>, <keras.layers.core.Dropout object at 0x7fbe4663f590>, <keras.layers.convolutional.Convolution2D object at 0x7fbe445abed0>, <keras.layers.core.Activation object at 0x7fbe445c2690>, <keras.layers.convolutional.Convolution2D object at 0x7fbe445abd90>, <keras.layers.core.Activation object at 0x7fbe445e0890>, <keras.layers.pooling.MaxPooling2D object at 0x7fbe4456bc50>, <keras.layers.core.Dropout object at 0x7fbe44578e90>, <keras.layers.core.Flatten object at 0x7fbe44537bd0>, <keras.layers.core.Dense object at 0x7fbe4454e910>, <keras.layers.core.Activation object at 0x7fbe4454eb50>, <keras.layers.core.Dropout object at 0x7fbe4454eb10>, <keras.layers.core.Dense object at 0x7fbe4450e810>, <keras.layers.core.Activation object at 0x7fbe444b3d90>]",<keras.optimizers.SGD object at 0x7fbe444d76d0>,0.86534960895538326,True,0.009999999776482582,0.8999999761581421,9.999999974752427e-07,0.69677999999999995,0.86534960895538326,0.73580000000000001,0.76651587021350864
14,mynet_4,1250858,02 Dec 2016 21:20:33,"[<keras.layers.convolutional.Convolution2D object at 0x7fbe468da650>, <keras.layers.core.Activation object at 0x7fbe7afd45d0>, <keras.layers.convolutional.Convolution2D object at 0x7fbe46634950>, <keras.layers.core.Activation object at 0x7fbe445e8f90>, <keras.layers.pooling.MaxPooling2D object at 0x7fbe445e8150>, <keras.layers.core.Dropout object at 0x7fbe4663f590>, <keras.layers.convolutional.Convolution2D object at 0x7fbe445abed0>, <keras.layers.core.Activation object at 0x7fbe445c2690>, <keras.layers.convolutional.Convolution2D object at 0x7fbe445abd90>, <keras.layers.core.Activation object at 0x7fbe445e0890>, <keras.layers.pooling.MaxPooling2D object at 0x7fbe4456bc50>, <keras.layers.core.Dropout object at 0x7fbe44578e90>, <keras.layers.core.Flatten object at 0x7fbe44537bd0>, <keras.layers.core.Dense object at 0x7fbe4454e910>, <keras.layers.core.Activation object at 0x7fbe4454eb50>, <keras.layers.core.Dropout object at 0x7fbe4454eb10>, <keras.layers.core.Dense object at 0x7fbe4450e810>, <keras.layers.core.Activation object at 0x7fbe444b3d90>]",<keras.optimizers.SGD object at 0x7fbe444d76d0>,0.85907234451293946,True,0.009999999776482582,0.8999999761581421,9.999999974752427e-07,0.70096000000000003,0.85907234451293946,0.72219999999999995,0.80501484625339503
15,mynet_4,1250858,02 Dec 2016 21:21:18,"[<keras.layers.convolutional.Convolution2D object at 0x7fbe468da650>, <keras.layers.core.Activation object at 0x7fbe7afd45d0>, <keras.layers.convolutional.Convolution2D object at 0x7fbe46634950>, <keras.layers.core.Activation object at 0x7fbe445e8f90>, <keras.layers.pooling.MaxPooling2D object at 0x7fbe445e8150>, <keras.layers.core.Dropout object at 0x7fbe4663f590>, <keras.layers.convolutional.Convolution2D object at 0x7fbe445abed0>, <keras.layers.core.Activation object at 0x7fbe445c2690>, <keras.layers.convolutional.Convolution2D object at 0x7fbe445abd90>, <keras.layers.core.Activation object at 0x7fbe445e0890>, <keras.layers.pooling.MaxPooling2D object at 0x7fbe4456bc50>, <keras.layers.core.Dropout object at 0x7fbe44578e90>, <keras.layers.core.Flatten object at 0x7fbe44537bd0>, <keras.layers.core.Dense object at 0x7fbe4454e910>, <keras.layers.core.Activation object at 0x7fbe4454eb50>, <keras.layers.core.Dropout object at 0x7fbe4454eb10>, <keras.layers.core.Dense object at 0x7fbe4450e810>, <keras.layers.core.Activation object at 0x7fbe444b3d90>]",<keras.optimizers.SGD object at 0x7fbe444d76d0>,0.85025588705062871,True,0.009999999776482582,0.8999999761581421,9.999999974752427e-07,0.70399999999999996,0.85025588705062871,0.75470000000000004,0.72568268848657613
16,mynet_4,1250858,02 Dec 2016 21:22:02,"[<keras.layers.convolutional.Convolution2D object at 0x7fbe468da650>, <keras.layers.core.Activation object at 0x7fbe7afd45d0>, <keras.layers.convolutional.Convolution2D object at 0x7fbe46634950>, <keras.layers.core.Activation object at 0x7fbe445e8f90>, <keras.layers.pooling.MaxPooling2D object at 0x7fbe445e8150>, <keras.layers.core.Dropout object at 0x7fbe4663f590>, <keras.layers.convolutional.Convolution2D object at 0x7fbe445abed0>, <keras.layers.core.Activation object at 0x7fbe445c2690>, <keras.layers.convolutional.Convolution2D object at 0x7fbe445abd90>, <keras.layers.core.Activation object at 0x7fbe445e0890>, <keras.layers.pooling.MaxPooling2D object at 0x7fbe4456bc50>, <keras.layers.core.Dropout object at 0x7fbe44578e90>, <keras.layers.core.Flatten object at 0x7fbe44537bd0>, <keras.layers.core.Dense object at 0x7fbe4454e910>, <keras.layers.core.Activation object at 0x7fbe4454eb50>, <keras.layers.core.Dropout object at 0x7fbe4454eb10>, <keras.layers.core.Dense object at 0x7fbe4450e810>, <keras.layers.core.Activation object at 0x7fbe444b3d90>]",<keras.optimizers.SGD object at 0x7fbe444d76d0>,0.84248489168167118,True,0.009999999776482582,0.8999999761581421,9.999999974752427e-07,0.71016000000000001,0.84248489168167118,0.73150000000000004,0.78896280454397205
17,mynet_4,1250858,02 Dec 2016 21:22:46,"[<keras.layers.convolutional.Convolution2D object at 0x7fbe468da650>, <keras.layers.core.Activation object at 0x7fbe7afd45d0>, <keras.layers.convolutional.Convolution2D object at 0x7fbe46634950>, <keras.layers.core.Activation object at 0x7fbe445e8f90>, <keras.layers.pooling.MaxPooling2D object at 0x7fbe445e8150>, <keras.layers.core.Dropout object at 0x7fbe4663f590>, <keras.layers.convolutional.Convolution2D object at 0x7fbe445abed0>, <keras.layers.core.Activation object at 0x7fbe445c2690>, <keras.layers.convolutional.Convolution2D object at 0x7fbe445abd90>, <keras.layers.core.Activation object at 0x7fbe445e0890>, <keras.layers.pooling.MaxPooling2D object at 0x7fbe4456bc50>, <keras.layers.core.Dropout object at 0x7fbe44578e90>, <keras.layers.core.Flatten object at 0x7fbe44537bd0>, <keras.layers.core.Dense object at 0x7fbe4454e910>, <keras.layers.core.Activation object at 0x7fbe4454eb50>, <keras.layers.core.Dropout object at 0x7fbe4454eb10>, <keras.layers.core.Dense object at 0x7fbe4450e810>, <keras.layers.core.Activation object at 0x7fbe444b3d90>]",<keras.optimizers.SGD object at 0x7fbe444d76d0>,0.83725124786376948,True,0.009999999776482582,0.8999999761581421,9.999999974752427e-07,0.7097,0.83725124786376948,0.74819999999999998,0.76021078268289566
18,mynet_4,1250858,02 Dec 2016 21:23:30,"[<keras.layers.convolutional.Convolution2D object at 0x7fbe468da650>, <keras.layers.core.Activation object at 0x7fbe7afd45d0>, <keras.layers.convolutional.Convolution2D object at 0x7fbe46634950>, <keras.layers.core.Activation object at 0x7fbe445e8f90>, <keras.layers.pooling.MaxPooling2D object at 0x7fbe445e8150>, <keras.layers.core.Dropout object at 0x7fbe4663f590>, <keras.layers.convolutional.Convolution2D object at 0x7fbe445abed0>, <keras.layers.core.Activation object at 0x7fbe445c2690>, <keras.layers.convolutional.Convolution2D object at 0x7fbe445abd90>, <keras.layers.core.Activation object at 0x7fbe445e0890>, <keras.layers.pooling.MaxPooling2D object at 0x7fbe4456bc50>, <keras.layers.core.Dropout object at 0x7fbe44578e90>, <keras.layers.core.Flatten object at 0x7fbe44537bd0>, <keras.layers.core.Dense object at 0x7fbe4454e910>, <keras.layers.core.Activation object at 0x7fbe4454eb50>, <keras.layers.core.Dropout object at 0x7fbe4454eb10>, <keras.layers.core.Dense object at 0x7fbe4450e810>, <keras.layers.core.Activation object at 0x7fbe444b3d90>]",<keras.optimizers.SGD object at 0x7fbe444d76d0>,0.81776536134719846,True,0.009999999776482582,0.8999999761581421,9.999999974752427e-07,0.71796000000000004,0.81776536134719846,0.72529999999999994,0.80564100430011754
19,mynet_4,1250858,02 Dec 2016 21:24:14,"[<keras.layers.convolutional.Convolution2D object at 0x7fbe468da650>, <keras.layers.core.Activation object at 0x7fbe7afd45d0>, <keras.layers.convolutional.Convolution2D object at 0x7fbe46634950>, <keras.layers.core.Activation object at 0x7fbe445e8f90>, <keras.layers.pooling.MaxPooling2D object at 0x7fbe445e8150>, <keras.layers.core.Dropout object at 0x7fbe4663f590>, <keras.layers.convolutional.Convolution2D object at 0x7fbe445abed0>, <keras.layers.core.Activation object at 0x7fbe445c2690>, <keras.layers.convolutional.Convolution2D object at 0x7fbe445abd90>, <keras.layers.core.Activation object at 0x7fbe445e0890>, <keras.layers.pooling.MaxPooling2D object at 0x7fbe4456bc50>, <keras.layers.core.Dropout object at 0x7fbe44578e90>, <keras.layers.core.Flatten object at 0x7fbe44537bd0>, <keras.layers.core.Dense object at 0x7fbe4454e910>, <keras.layers.core.Activation object at 0x7fbe4454eb50>, <keras.layers.core.Dropout object at 0x7fbe4454eb10>, <keras.layers.core.Dense object at 0x7fbe4450e810>, <keras.layers.core.Activation object at 0x7fbe444b3d90>]",<keras.optimizers.SGD object at 0x7fbe444d76d0>,0.81355403234481816,True,0.009999999776482582,0.8999999761581421,9.999999974752427e-07,0.72016000000000002,0.81355403234481816,0.75080000000000002,0.74432283906936647
20,mynet_4,1250858,02 Dec 2016 21:24:58,"[<keras.layers.convolutional.Convolution2D object at 0x7fbe468da650>, <keras.layers.core.Activation object at 0x7fbe7afd45d0>, <keras.layers.convolutional.Convolution2D object at 0x7fbe46634950>, <keras.layers.core.Activation object at 0x7fbe445e8f90>, <keras.layers.pooling.MaxPooling2D object at 0x7fbe445e8150>, <keras.layers.core.Dropout object at 0x7fbe4663f590>, <keras.layers.convolutional.Convolution2D object at 0x7fbe445abed0>, <keras.layers.core.Activation object at 0x7fbe445c2690>, <keras.layers.convolutional.Convolution2D object at 0x7fbe445abd90>, <keras.layers.core.Activation object at 0x7fbe445e0890>, <keras.layers.pooling.MaxPooling2D object at 0x7fbe4456bc50>, <keras.layers.core.Dropout object at 0x7fbe44578e90>, <keras.layers.core.Flatten object at 0x7fbe44537bd0>, <keras.layers.core.Dense object at 0x7fbe4454e910>, <keras.layers.core.Activation object at 0x7fbe4454eb50>, <keras.layers.core.Dropout object at 0x7fbe4454eb10>, <keras.layers.core.Dense object at 0x7fbe4450e810>, <keras.layers.core.Activation object at 0x7fbe444b3d90>]",<keras.optimizers.SGD object at 0x7fbe444d76d0>,0.80656741567611689,True,0.009999999776482582,0.8999999761581421,9.999999974752427e-07,0.72116000000000002,0.80656741567611689,0.76000000000000001,0.70811602389812467
21,mynet_4,1250858,02 Dec 2016 21:25:42,"[<keras.layers.convolutional.Convolution2D object at 0x7fbe468da650>, <keras.layers.core.Activation object at 0x7fbe7afd45d0>, <keras.layers.convolutional.Convolution2D object at 0x7fbe46634950>, <keras.layers.core.Activation object at 0x7fbe445e8f90>, <keras.layers.pooling.MaxPooling2D object at 0x7fbe445e8150>, <keras.layers.core.Dropout object at 0x7fbe4663f590>, <keras.layers.convolutional.Convolution2D object at 0x7fbe445abed0>, <keras.layers.core.Activation object at 0x7fbe445c2690>, <keras.layers.convolutional.Convolution2D object at 0x7fbe445abd90>, <keras.layers.core.Activation object at 0x7fbe445e0890>, <keras.layers.pooling.MaxPooling2D object at 0x7fbe4456bc50>, <keras.layers.core.Dropout object at 0x7fbe44578e90>, <keras.layers.core.Flatten object at 0x7fbe44537bd0>, <keras.layers.core.Dense object at 0x7fbe4454e910>, <keras.layers.core.Activation object at 0x7fbe4454eb50>, <keras.layers.core.Dropout object at 0x7fbe4454eb10>, <keras.layers.core.Dense object at 0x7fbe4450e810>, <keras.layers.core.Activation object at 0x7fbe444b3d90>]",<keras.optimizers.SGD object at 0x7fbe444d76d0>,0.80682845203399656,True,0.009999999776482582,0.8999999761581421,9.999999974752427e-07,0.72009999999999996,0.80682845203399656,0.75580000000000003,0.72324246671199799
22,mynet_4,1250858,02 Dec 2016 21:26:26,"[<keras.layers.convolutional.Convolution2D object at 0x7fbe468da650>, <keras.layers.core.Activation object at 0x7fbe7afd45d0>, <keras.layers.convolutional.Convolution2D object at 0x7fbe46634950>, <keras.layers.core.Activation object at 0x7fbe445e8f90>, <keras.layers.pooling.MaxPooling2D object at 0x7fbe445e8150>, <keras.layers.core.Dropout object at 0x7fbe4663f590>, <keras.layers.convolutional.Convolution2D object at 0x7fbe445abed0>, <keras.layers.core.Activation object at 0x7fbe445c2690>, <keras.layers.convolutional.Convolution2D object at 0x7fbe445abd90>, <keras.layers.core.Activation object at 0x7fbe445e0890>, <keras.layers.pooling.MaxPooling2D object at 0x7fbe4456bc50>, <keras.layers.core.Dropout object at 0x7fbe44578e90>, <keras.layers.core.Flatten object at 0x7fbe44537bd0>, <keras.layers.core.Dense object at 0x7fbe4454e910>, <keras.layers.core.Activation object at 0x7fbe4454eb50>, <keras.layers.core.Dropout object at 0x7fbe4454eb10>, <keras.layers.core.Dense object at 0x7fbe4450e810>, <keras.layers.core.Activation object at 0x7fbe444b3d90>]",<keras.optimizers.SGD object at 0x7fbe444d76d0>,0.79419737362861631,True,0.009999999776482582,0.8999999761581421,9.999999974752427e-07,0.72652000000000005,0.79419737362861631,0.72870000000000001,0.78726169147491454
23,mynet_4,1250858,02 Dec 2016 21:27:10,"[<keras.layers.convolutional.Convolution2D object at 0x7fbe468da650>, <keras.layers.core.Activation object at 0x7fbe7afd45d0>, <keras.layers.convolutional.Convolution2D object at 0x7fbe46634950>, <keras.layers.core.Activation object at 0x7fbe445e8f90>, <keras.layers.pooling.MaxPooling2D object at 0x7fbe445e8150>, <keras.layers.core.Dropout object at 0x7fbe4663f590>, <keras.layers.convolutional.Convolution2D object at 0x7fbe445abed0>, <keras.layers.core.Activation object at 0x7fbe445c2690>, <keras.layers.convolutional.Convolution2D object at 0x7fbe445abd90>, <keras.layers.core.Activation object at 0x7fbe445e0890>, <keras.layers.pooling.MaxPooling2D object at 0x7fbe4456bc50>, <keras.layers.core.Dropout object at 0x7fbe44578e90>, <keras.layers.core.Flatten object at 0x7fbe44537bd0>, <keras.layers.core.Dense object at 0x7fbe4454e910>, <keras.layers.core.Activation object at 0x7fbe4454eb50>, <keras.layers.core.Dropout object at 0x7fbe4454eb10>, <keras.layers.core.Dense object at 0x7fbe4450e810>, <keras.layers.core.Activation object at 0x7fbe444b3d90>]",<keras.optimizers.SGD object at 0x7fbe444d76d0>,0.79468181163787843,True,0.009999999776482582,0.8999999761581421,9.999999974752427e-07,0.72499999999999998,0.79468181163787843,0.74529999999999996,0.73607448217868809
24,mynet_4,1250858,02 Dec 2016 21:27:54,"[<keras.layers.convolutional.Convolution2D object at 0x7fbe468da650>, <keras.layers.core.Activation object at 0x7fbe7afd45d0>, <keras.layers.convolutional.Convolution2D object at 0x7fbe46634950>, <keras.layers.core.Activation object at 0x7fbe445e8f90>, <keras.layers.pooling.MaxPooling2D object at 0x7fbe445e8150>, <keras.layers.core.Dropout object at 0x7fbe4663f590>, <keras.layers.convolutional.Convolution2D object at 0x7fbe445abed0>, <keras.layers.core.Activation object at 0x7fbe445c2690>, <keras.layers.convolutional.Convolution2D object at 0x7fbe445abd90>, <keras.layers.core.Activation object at 0x7fbe445e0890>, <keras.layers.pooling.MaxPooling2D object at 0x7fbe4456bc50>, <keras.layers.core.Dropout object at 0x7fbe44578e90>, <keras.layers.core.Flatten object at 0x7fbe44537bd0>, <keras.layers.core.Dense object at 0x7fbe4454e910>, <keras.layers.core.Activation object at 0x7fbe4454eb50>, <keras.layers.core.Dropout object at 0x7fbe4454eb10>, <keras.layers.core.Dense object at 0x7fbe4450e810>, <keras.layers.core.Activation object at 0x7fbe444b3d90>]",<keras.optimizers.SGD object at 0x7fbe444d76d0>,0.78540727028846735,True,0.009999999776482582,0.8999999761581421,9.999999974752427e-07,0.72892000000000001,0.78540727028846735,0.73919999999999997,0.76832362692356104
25,mynet_4,1250858,02 Dec 2016 21:28:39,"[<keras.layers.convolutional.Convolution2D object at 0x7fbe468da650>, <keras.layers.core.Activation object at 0x7fbe7afd45d0>, <keras.layers.convolutional.Convolution2D object at 0x7fbe46634950>, <keras.layers.core.Activation object at 0x7fbe445e8f90>, <keras.layers.pooling.MaxPooling2D object at 0x7fbe445e8150>, <keras.layers.core.Dropout object at 0x7fbe4663f590>, <keras.layers.convolutional.Convolution2D object at 0x7fbe445abed0>, <keras.layers.core.Activation object at 0x7fbe445c2690>, <keras.layers.convolutional.Convolution2D object at 0x7fbe445abd90>, <keras.layers.core.Activation object at 0x7fbe445e0890>, <keras.layers.pooling.MaxPooling2D object at 0x7fbe4456bc50>, <keras.layers.core.Dropout object at 0x7fbe44578e90>, <keras.layers.core.Flatten object at 0x7fbe44537bd0>, <keras.layers.core.Dense object at 0x7fbe4454e910>, <keras.layers.core.Activation object at 0x7fbe4454eb50>, <keras.layers.core.Dropout object at 0x7fbe4454eb10>, <keras.layers.core.Dense object at 0x7fbe4450e810>, <keras.layers.core.Activation object at 0x7fbe444b3d90>]",<keras.optimizers.SGD object at 0x7fbe444d76d0>,0.78382826529502869,True,0.009999999776482582,0.8999999761581421,9.999999974752427e-07,0.73073999999999995,0.78382826529502869,0.75419999999999998,0.73652830307483674
26,mynet_4,1250858,02 Dec 2016 21:29:23,"[<keras.layers.convolutional.Convolution2D object at 0x7fbe468da650>, <keras.layers.core.Activation object at 0x7fbe7afd45d0>, <keras.layers.convolutional.Convolution2D object at 0x7fbe46634950>, <keras.layers.core.Activation object at 0x7fbe445e8f90>, <keras.layers.pooling.MaxPooling2D object at 0x7fbe445e8150>, <keras.layers.core.Dropout object at 0x7fbe4663f590>, <keras.layers.convolutional.Convolution2D object at 0x7fbe445abed0>, <keras.layers.core.Activation object at 0x7fbe445c2690>, <keras.layers.convolutional.Convolution2D object at 0x7fbe445abd90>, <keras.layers.core.Activation object at 0x7fbe445e0890>, <keras.layers.pooling.MaxPooling2D object at 0x7fbe4456bc50>, <keras.layers.core.Dropout object at 0x7fbe44578e90>, <keras.layers.core.Flatten object at 0x7fbe44537bd0>, <keras.layers.core.Dense object at 0x7fbe4454e910>, <keras.layers.core.Activation object at 0x7fbe4454eb50>, <keras.layers.core.Dropout object at 0x7fbe4454eb10>, <keras.layers.core.Dense object at 0x7fbe4450e810>, <keras.layers.core.Activation object at 0x7fbe444b3d90>]",<keras.optimizers.SGD object at 0x7fbe444d76d0>,0.78412247780799871,True,0.009999999776482582,0.8999999761581421,9.999999974752427e-07,0.72968,0.78412247780799871,0.75629999999999997,0.7270285956859589
27,mynet_4,1250858,02 Dec 2016 21:30:07,"[<keras.layers.convolutional.Convolution2D object at 0x7fbe468da650>, <keras.layers.core.Activation object at 0x7fbe7afd45d0>, <keras.layers.convolutional.Convolution2D object at 0x7fbe46634950>, <keras.layers.core.Activation object at 0x7fbe445e8f90>, <keras.layers.pooling.MaxPooling2D object at 0x7fbe445e8150>, <keras.layers.core.Dropout object at 0x7fbe4663f590>, <keras.layers.convolutional.Convolution2D object at 0x7fbe445abed0>, <keras.layers.core.Activation object at 0x7fbe445c2690>, <keras.layers.convolutional.Convolution2D object at 0x7fbe445abd90>, <keras.layers.core.Activation object at 0x7fbe445e0890>, <keras.layers.pooling.MaxPooling2D object at 0x7fbe4456bc50>, <keras.layers.core.Dropout object at 0x7fbe44578e90>, <keras.layers.core.Flatten object at 0x7fbe44537bd0>, <keras.layers.core.Dense object at 0x7fbe4454e910>, <keras.layers.core.Activation object at 0x7fbe4454eb50>, <keras.layers.core.Dropout object at 0x7fbe4454eb10>, <keras.layers.core.Dense object at 0x7fbe4450e810>, <keras.layers.core.Activation object at 0x7fbe444b3d90>]",<keras.optimizers.SGD object at 0x7fbe444d76d0>,0.76918858019828795,True,0.009999999776482582,0.8999999761581421,9.999999974752427e-07,0.73716000000000004,0.76918858019828795,0.74280000000000002,0.74870571255683904
28,mynet_4,1250858,02 Dec 2016 21:30:51,"[<keras.layers.convolutional.Convolution2D object at 0x7fbe468da650>, <keras.layers.core.Activation object at 0x7fbe7afd45d0>, <keras.layers.convolutional.Convolution2D object at 0x7fbe46634950>, <keras.layers.core.Activation object at 0x7fbe445e8f90>, <keras.layers.pooling.MaxPooling2D object at 0x7fbe445e8150>, <keras.layers.core.Dropout object at 0x7fbe4663f590>, <keras.layers.convolutional.Convolution2D object at 0x7fbe445abed0>, <keras.layers.core.Activation object at 0x7fbe445c2690>, <keras.layers.convolutional.Convolution2D object at 0x7fbe445abd90>, <keras.layers.core.Activation object at 0x7fbe445e0890>, <keras.layers.pooling.MaxPooling2D object at 0x7fbe4456bc50>, <keras.layers.core.Dropout object at 0x7fbe44578e90>, <keras.layers.core.Flatten object at 0x7fbe44537bd0>, <keras.layers.core.Dense object at 0x7fbe4454e910>, <keras.layers.core.Activation object at 0x7fbe4454eb50>, <keras.layers.core.Dropout object at 0x7fbe4454eb10>, <keras.layers.core.Dense object at 0x7fbe4450e810>, <keras.layers.core.Activation object at 0x7fbe444b3d90>]",<keras.optimizers.SGD object at 0x7fbe444d76d0>,0.77645675852775575,True,0.009999999776482582,0.8999999761581421,9.999999974752427e-07,0.73168,0.77645675852775575,0.75170000000000003,0.73374429473876956
29,mynet_4,1250858,02 Dec 2016 21:31:36,"[<keras.layers.convolutional.Convolution2D object at 0x7fbe468da650>, <keras.layers.core.Activation object at 0x7fbe7afd45d0>, <keras.layers.convolutional.Convolution2D object at 0x7fbe46634950>, <keras.layers.core.Activation object at 0x7fbe445e8f90>, <keras.layers.pooling.MaxPooling2D object at 0x7fbe445e8150>, <keras.layers.core.Dropout object at 0x7fbe4663f590>, <keras.layers.convolutional.Convolution2D object at 0x7fbe445abed0>, <keras.layers.core.Activation object at 0x7fbe445c2690>, <keras.layers.convolutional.Convolution2D object at 0x7fbe445abd90>, <keras.layers.core.Activation object at 0x7fbe445e0890>, <keras.layers.pooling.MaxPooling2D object at 0x7fbe4456bc50>, <keras.layers.core.Dropout object at 0x7fbe44578e90>, <keras.layers.core.Flatten object at 0x7fbe44537bd0>, <keras.layers.core.Dense object at 0x7fbe4454e910>, <keras.layers.core.Activation object at 0x7fbe4454eb50>, <keras.layers.core.Dropout object at 0x7fbe4454eb10>, <keras.layers.core.Dense object at 0x7fbe4450e810>, <keras.layers.core.Activation object at 0x7fbe444b3d90>]",<keras.optimizers.SGD object at 0x7fbe444d76d0>,0.77002922838211063,True,0.009999999776482582,0.8999999761581421,9.999999974752427e-07,0.73673999999999995,0.77002922838211063,0.76570000000000005,0.70965133107900624
30,mynet_4,1250858,02 Dec 2016 21:32:20,"[<keras.layers.convolutional.Convolution2D object at 0x7fbe468da650>, <keras.layers.core.Activation object at 0x7fbe7afd45d0>, <keras.layers.convolutional.Convolution2D object at 0x7fbe46634950>, <keras.layers.core.Activation object at 0x7fbe445e8f90>, <keras.layers.pooling.MaxPooling2D object at 0x7fbe445e8150>, <keras.layers.core.Dropout object at 0x7fbe4663f590>, <keras.layers.convolutional.Convolution2D object at 0x7fbe445abed0>, <keras.layers.core.Activation object at 0x7fbe445c2690>, <keras.layers.convolutional.Convolution2D object at 0x7fbe445abd90>, <keras.layers.core.Activation object at 0x7fbe445e0890>, <keras.layers.pooling.MaxPooling2D object at 0x7fbe4456bc50>, <keras.layers.core.Dropout object at 0x7fbe44578e90>, <keras.layers.core.Flatten object at 0x7fbe44537bd0>, <keras.layers.core.Dense object at 0x7fbe4454e910>, <keras.layers.core.Activation object at 0x7fbe4454eb50>, <keras.layers.core.Dropout object at 0x7fbe4454eb10>, <keras.layers.core.Dense object at 0x7fbe4450e810>, <keras.layers.core.Activation object at 0x7fbe444b3d90>]",<keras.optimizers.SGD object at 0x7fbe444d76d0>,0.76291394227981568,True,0.009999999776482582,0.8999999761581421,9.999999974752427e-07,0.73873999999999995,0.76291394227981568,0.74519999999999997,0.74926906248331071
31,mynet_4,1250858,02 Dec 2016 21:33:04,"[<keras.layers.convolutional.Convolution2D object at 0x7fbe468da650>, <keras.layers.core.Activation object at 0x7fbe7afd45d0>, <keras.layers.convolutional.Convolution2D object at 0x7fbe46634950>, <keras.layers.core.Activation object at 0x7fbe445e8f90>, <keras.layers.pooling.MaxPooling2D object at 0x7fbe445e8150>, <keras.layers.core.Dropout object at 0x7fbe4663f590>, <keras.layers.convolutional.Convolution2D object at 0x7fbe445abed0>, <keras.layers.core.Activation object at 0x7fbe445c2690>, <keras.layers.convolutional.Convolution2D object at 0x7fbe445abd90>, <keras.layers.core.Activation object at 0x7fbe445e0890>, <keras.layers.pooling.MaxPooling2D object at 0x7fbe4456bc50>, <keras.layers.core.Dropout object at 0x7fbe44578e90>, <keras.layers.core.Flatten object at 0x7fbe44537bd0>, <keras.layers.core.Dense object at 0x7fbe4454e910>, <keras.layers.core.Activation object at 0x7fbe4454eb50>, <keras.layers.core.Dropout object at 0x7fbe4454eb10>, <keras.layers.core.Dense object at 0x7fbe4450e810>, <keras.layers.core.Activation object at 0x7fbe444b3d90>]",<keras.optimizers.SGD object at 0x7fbe444d76d0>,0.76074599223136907,True,0.009999999776482582,0.8999999761581421,9.999999974752427e-07,0.73906000000000005,0.76074599223136907,0.76149999999999995,0.71881951773166652
32,mynet_4,1250858,02 Dec 2016 21:33:49,"[<keras.layers.convolutional.Convolution2D object at 0x7fbe468da650>, <keras.layers.core.Activation object at 0x7fbe7afd45d0>, <keras.layers.convolutional.Convolution2D object at 0x7fbe46634950>, <keras.layers.core.Activation object at 0x7fbe445e8f90>, <keras.layers.pooling.MaxPooling2D object at 0x7fbe445e8150>, <keras.layers.core.Dropout object at 0x7fbe4663f590>, <keras.layers.convolutional.Convolution2D object at 0x7fbe445abed0>, <keras.layers.core.Activation object at 0x7fbe445c2690>, <keras.layers.convolutional.Convolution2D object at 0x7fbe445abd90>, <keras.layers.core.Activation object at 0x7fbe445e0890>, <keras.layers.pooling.MaxPooling2D object at 0x7fbe4456bc50>, <keras.layers.core.Dropout object at 0x7fbe44578e90>, <keras.layers.core.Flatten object at 0x7fbe44537bd0>, <keras.layers.core.Dense object at 0x7fbe4454e910>, <keras.layers.core.Activation object at 0x7fbe4454eb50>, <keras.layers.core.Dropout object at 0x7fbe4454eb10>, <keras.layers.core.Dense object at 0x7fbe4450e810>, <keras.layers.core.Activation object at 0x7fbe444b3d90>]",<keras.optimizers.SGD object at 0x7fbe444d76d0>,0.76557976856231691,True,0.009999999776482582,0.8999999761581421,9.999999974752427e-07,0.73517999999999994,0.76557976856231691,0.75680000000000003,0.7375342706799507
33,mynet_4,1250858,02 Dec 2016 21:34:33,"[<keras.layers.convolutional.Convolution2D object at 0x7fbe468da650>, <keras.layers.core.Activation object at 0x7fbe7afd45d0>, <keras.layers.convolutional.Convolution2D object at 0x7fbe46634950>, <keras.layers.core.Activation object at 0x7fbe445e8f90>, <keras.layers.pooling.MaxPooling2D object at 0x7fbe445e8150>, <keras.layers.core.Dropout object at 0x7fbe4663f590>, <keras.layers.convolutional.Convolution2D object at 0x7fbe445abed0>, <keras.layers.core.Activation object at 0x7fbe445c2690>, <keras.layers.convolutional.Convolution2D object at 0x7fbe445abd90>, <keras.layers.core.Activation object at 0x7fbe445e0890>, <keras.layers.pooling.MaxPooling2D object at 0x7fbe4456bc50>, <keras.layers.core.Dropout object at 0x7fbe44578e90>, <keras.layers.core.Flatten object at 0x7fbe44537bd0>, <keras.layers.core.Dense object at 0x7fbe4454e910>, <keras.layers.core.Activation object at 0x7fbe4454eb50>, <keras.layers.core.Dropout object at 0x7fbe4454eb10>, <keras.layers.core.Dense object at 0x7fbe4450e810>, <keras.layers.core.Activation object at 0x7fbe444b3d90>]",<keras.optimizers.SGD object at 0x7fbe444d76d0>,0.75626737977981562,True,0.009999999776482582,0.8999999761581421,9.999999974752427e-07,0.74056,0.75626737977981562,0.751,0.75365472326278682
34,mynet_4,1250858,02 Dec 2016 21:35:18,"[<keras.layers.convolutional.Convolution2D object at 0x7fbe468da650>, <keras.layers.core.Activation object at 0x7fbe7afd45d0>, <keras.layers.convolutional.Convolution2D object at 0x7fbe46634950>, <keras.layers.core.Activation object at 0x7fbe445e8f90>, <keras.layers.pooling.MaxPooling2D object at 0x7fbe445e8150>, <keras.layers.core.Dropout object at 0x7fbe4663f590>, <keras.layers.convolutional.Convolution2D object at 0x7fbe445abed0>, <keras.layers.core.Activation object at 0x7fbe445c2690>, <keras.layers.convolutional.Convolution2D object at 0x7fbe445abd90>, <keras.layers.core.Activation object at 0x7fbe445e0890>, <keras.layers.pooling.MaxPooling2D object at 0x7fbe4456bc50>, <keras.layers.core.Dropout object at 0x7fbe44578e90>, <keras.layers.core.Flatten object at 0x7fbe44537bd0>, <keras.layers.core.Dense object at 0x7fbe4454e910>, <keras.layers.core.Activation object at 0x7fbe4454eb50>, <keras.layers.core.Dropout object at 0x7fbe4454eb10>, <keras.layers.core.Dense object at 0x7fbe4450e810>, <keras.layers.core.Activation object at 0x7fbe444b3d90>]",<keras.optimizers.SGD object at 0x7fbe444d76d0>,0.75887400215148926,True,0.009999999776482582,0.8999999761581421,9.999999974752427e-07,0.73870000000000002,0.75887400215148926,0.75990000000000002,0.7158842112183571
35,mynet_4,1250858,02 Dec 2016 21:36:02,"[<keras.layers.convolutional.Convolution2D object at 0x7fbe468da650>, <keras.layers.core.Activation object at 0x7fbe7afd45d0>, <keras.layers.convolutional.Convolution2D object at 0x7fbe46634950>, <keras.layers.core.Activation object at 0x7fbe445e8f90>, <keras.layers.pooling.MaxPooling2D object at 0x7fbe445e8150>, <keras.layers.core.Dropout object at 0x7fbe4663f590>, <keras.layers.convolutional.Convolution2D object at 0x7fbe445abed0>, <keras.layers.core.Activation object at 0x7fbe445c2690>, <keras.layers.convolutional.Convolution2D object at 0x7fbe445abd90>, <keras.layers.core.Activation object at 0x7fbe445e0890>, <keras.layers.pooling.MaxPooling2D object at 0x7fbe4456bc50>, <keras.layers.core.Dropout object at 0x7fbe44578e90>, <keras.layers.core.Flatten object at 0x7fbe44537bd0>, <keras.layers.core.Dense object at 0x7fbe4454e910>, <keras.layers.core.Activation object at 0x7fbe4454eb50>, <keras.layers.core.Dropout object at 0x7fbe4454eb10>, <keras.layers.core.Dense object at 0x7fbe4450e810>, <keras.layers.core.Activation object at 0x7fbe444b3d90>]",<keras.optimizers.SGD object at 0x7fbe444d76d0>,0.75523022649765015,True,0.009999999776482582,0.8999999761581421,9.999999974752427e-07,0.74248000000000003,0.75523022649765015,0.77159999999999995,0.68611428909301753
36,mynet_4,1250858,02 Dec 2016 21:36:47,"[<keras.layers.convolutional.Convolution2D object at 0x7fbe468da650>, <keras.layers.core.Activation object at 0x7fbe7afd45d0>, <keras.layers.convolutional.Convolution2D object at 0x7fbe46634950>, <keras.layers.core.Activation object at 0x7fbe445e8f90>, <keras.layers.pooling.MaxPooling2D object at 0x7fbe445e8150>, <keras.layers.core.Dropout object at 0x7fbe4663f590>, <keras.layers.convolutional.Convolution2D object at 0x7fbe445abed0>, <keras.layers.core.Activation object at 0x7fbe445c2690>, <keras.layers.convolutional.Convolution2D object at 0x7fbe445abd90>, <keras.layers.core.Activation object at 0x7fbe445e0890>, <keras.layers.pooling.MaxPooling2D object at 0x7fbe4456bc50>, <keras.layers.core.Dropout object at 0x7fbe44578e90>, <keras.layers.core.Flatten object at 0x7fbe44537bd0>, <keras.layers.core.Dense object at 0x7fbe4454e910>, <keras.layers.core.Activation object at 0x7fbe4454eb50>, <keras.layers.core.Dropout object at 0x7fbe4454eb10>, <keras.layers.core.Dense object at 0x7fbe4450e810>, <keras.layers.core.Activation object at 0x7fbe444b3d90>]",<keras.optimizers.SGD object at 0x7fbe444d76d0>,0.74896915252685548,True,0.009999999776482582,0.8999999761581421,9.999999974752427e-07,0.73995999999999995,0.74896915252685548,0.74509999999999998,0.77656599950790406
37,mynet_4,1250858,02 Dec 2016 21:37:31,"[<keras.layers.convolutional.Convolution2D object at 0x7fbe468da650>, <keras.layers.core.Activation object at 0x7fbe7afd45d0>, <keras.layers.convolutional.Convolution2D object at 0x7fbe46634950>, <keras.layers.core.Activation object at 0x7fbe445e8f90>, <keras.layers.pooling.MaxPooling2D object at 0x7fbe445e8150>, <keras.layers.core.Dropout object at 0x7fbe4663f590>, <keras.layers.convolutional.Convolution2D object at 0x7fbe445abed0>, <keras.layers.core.Activation object at 0x7fbe445c2690>, <keras.layers.convolutional.Convolution2D object at 0x7fbe445abd90>, <keras.layers.core.Activation object at 0x7fbe445e0890>, <keras.layers.pooling.MaxPooling2D object at 0x7fbe4456bc50>, <keras.layers.core.Dropout object at 0x7fbe44578e90>, <keras.layers.core.Flatten object at 0x7fbe44537bd0>, <keras.layers.core.Dense object at 0x7fbe4454e910>, <keras.layers.core.Activation object at 0x7fbe4454eb50>, <keras.layers.core.Dropout object at 0x7fbe4454eb10>, <keras.layers.core.Dense object at 0x7fbe4450e810>, <keras.layers.core.Activation object at 0x7fbe444b3d90>]",<keras.optimizers.SGD object at 0x7fbe444d76d0>,0.75741036956787111,True,0.009999999776482582,0.8999999761581421,9.999999974752427e-07,0.74348000000000003,0.75741036956787111,0.75790000000000002,0.74124049485921861
38,mynet_4,1250858,02 Dec 2016 21:38:15,"[<keras.layers.convolutional.Convolution2D object at 0x7fbe468da650>, <keras.layers.core.Activation object at 0x7fbe7afd45d0>, <keras.layers.convolutional.Convolution2D object at 0x7fbe46634950>, <keras.layers.core.Activation object at 0x7fbe445e8f90>, <keras.layers.pooling.MaxPooling2D object at 0x7fbe445e8150>, <keras.layers.core.Dropout object at 0x7fbe4663f590>, <keras.layers.convolutional.Convolution2D object at 0x7fbe445abed0>, <keras.layers.core.Activation object at 0x7fbe445c2690>, <keras.layers.convolutional.Convolution2D object at 0x7fbe445abd90>, <keras.layers.core.Activation object at 0x7fbe445e0890>, <keras.layers.pooling.MaxPooling2D object at 0x7fbe4456bc50>, <keras.layers.core.Dropout object at 0x7fbe44578e90>, <keras.layers.core.Flatten object at 0x7fbe44537bd0>, <keras.layers.core.Dense object at 0x7fbe4454e910>, <keras.layers.core.Activation object at 0x7fbe4454eb50>, <keras.layers.core.Dropout object at 0x7fbe4454eb10>, <keras.layers.core.Dense object at 0x7fbe4450e810>, <keras.layers.core.Activation object at 0x7fbe444b3d90>]",<keras.optimizers.SGD object at 0x7fbe444d76d0>,0.74402088708877567,True,0.009999999776482582,0.8999999761581421,9.999999974752427e-07,0.74575999999999998,0.74402088708877567,0.75339999999999996,0.74375892264842991
39,mynet_4,1250858,02 Dec 2016 21:39:00,"[<keras.layers.convolutional.Convolution2D object at 0x7fbe468da650>, <keras.layers.core.Activation object at 0x7fbe7afd45d0>, <keras.layers.convolutional.Convolution2D object at 0x7fbe46634950>, <keras.layers.core.Activation object at 0x7fbe445e8f90>, <keras.layers.pooling.MaxPooling2D object at 0x7fbe445e8150>, <keras.layers.core.Dropout object at 0x7fbe4663f590>, <keras.layers.convolutional.Convolution2D object at 0x7fbe445abed0>, <keras.layers.core.Activation object at 0x7fbe445c2690>, <keras.layers.convolutional.Convolution2D object at 0x7fbe445abd90>, <keras.layers.core.Activation object at 0x7fbe445e0890>, <keras.layers.pooling.MaxPooling2D object at 0x7fbe4456bc50>, <keras.layers.core.Dropout object at 0x7fbe44578e90>, <keras.layers.core.Flatten object at 0x7fbe44537bd0>, <keras.layers.core.Dense object at 0x7fbe4454e910>, <keras.layers.core.Activation object at 0x7fbe4454eb50>, <keras.layers.core.Dropout object at 0x7fbe4454eb10>, <keras.layers.core.Dense object at 0x7fbe4450e810>, <keras.layers.core.Activation object at 0x7fbe444b3d90>]",<keras.optimizers.SGD object at 0x7fbe444d76d0>,0.73308293386936185,True,0.009999999776482582,0.8999999761581421,9.999999974752427e-07,0.74841999999999997,0.73308293386936185,0.7248,0.81435566329956055
40,mynet_4,1250858,02 Dec 2016 21:39:44,"[<keras.layers.convolutional.Convolution2D object at 0x7fbe468da650>, <keras.layers.core.Activation object at 0x7fbe7afd45d0>, <keras.layers.convolutional.Convolution2D object at 0x7fbe46634950>, <keras.layers.core.Activation object at 0x7fbe445e8f90>, <keras.layers.pooling.MaxPooling2D object at 0x7fbe445e8150>, <keras.layers.core.Dropout object at 0x7fbe4663f590>, <keras.layers.convolutional.Convolution2D object at 0x7fbe445abed0>, <keras.layers.core.Activation object at 0x7fbe445c2690>, <keras.layers.convolutional.Convolution2D object at 0x7fbe445abd90>, <keras.layers.core.Activation object at 0x7fbe445e0890>, <keras.layers.pooling.MaxPooling2D object at 0x7fbe4456bc50>, <keras.layers.core.Dropout object at 0x7fbe44578e90>, <keras.layers.core.Flatten object at 0x7fbe44537bd0>, <keras.layers.core.Dense object at 0x7fbe4454e910>, <keras.layers.core.Activation object at 0x7fbe4454eb50>, <keras.layers.core.Dropout object at 0x7fbe4454eb10>, <keras.layers.core.Dense object at 0x7fbe4450e810>, <keras.layers.core.Activation object at 0x7fbe444b3d90>]",<keras.optimizers.SGD object at 0x7fbe444d76d0>,0.75679759074211117,True,0.009999999776482582,0.8999999761581421,9.999999974752427e-07,0.73987999999999998,0.75679759074211117,0.74560000000000004,0.77989806417226792
41,mynet_4,1250858,02 Dec 2016 21:40:29,"[<keras.layers.convolutional.Convolution2D object at 0x7fbe468da650>, <keras.layers.core.Activation object at 0x7fbe7afd45d0>, <keras.layers.convolutional.Convolution2D object at 0x7fbe46634950>, <keras.layers.core.Activation object at 0x7fbe445e8f90>, <keras.layers.pooling.MaxPooling2D object at 0x7fbe445e8150>, <keras.layers.core.Dropout object at 0x7fbe4663f590>, <keras.layers.convolutional.Convolution2D object at 0x7fbe445abed0>, <keras.layers.core.Activation object at 0x7fbe445c2690>, <keras.layers.convolutional.Convolution2D object at 0x7fbe445abd90>, <keras.layers.core.Activation object at 0x7fbe445e0890>, <keras.layers.pooling.MaxPooling2D object at 0x7fbe4456bc50>, <keras.layers.core.Dropout object at 0x7fbe44578e90>, <keras.layers.core.Flatten object at 0x7fbe44537bd0>, <keras.layers.core.Dense object at 0x7fbe4454e910>, <keras.layers.core.Activation object at 0x7fbe4454eb50>, <keras.layers.core.Dropout object at 0x7fbe4454eb10>, <keras.layers.core.Dense object at 0x7fbe4450e810>, <keras.layers.core.Activation object at 0x7fbe444b3d90>]",<keras.optimizers.SGD object at 0x7fbe444d76d0>,0.73758614162445069,True,0.009999999776482582,0.8999999761581421,9.999999974752427e-07,0.74621999999999999,0.73758614162445069,0.75009999999999999,0.7632660003185272
42,mynet_4,1250858,02 Dec 2016 21:41:13,"[<keras.layers.convolutional.Convolution2D object at 0x7fbe468da650>, <keras.layers.core.Activation object at 0x7fbe7afd45d0>, <keras.layers.convolutional.Convolution2D object at 0x7fbe46634950>, <keras.layers.core.Activation object at 0x7fbe445e8f90>, <keras.layers.pooling.MaxPooling2D object at 0x7fbe445e8150>, <keras.layers.core.Dropout object at 0x7fbe4663f590>, <keras.layers.convolutional.Convolution2D object at 0x7fbe445abed0>, <keras.layers.core.Activation object at 0x7fbe445c2690>, <keras.layers.convolutional.Convolution2D object at 0x7fbe445abd90>, <keras.layers.core.Activation object at 0x7fbe445e0890>, <keras.layers.pooling.MaxPooling2D object at 0x7fbe4456bc50>, <keras.layers.core.Dropout object at 0x7fbe44578e90>, <keras.layers.core.Flatten object at 0x7fbe44537bd0>, <keras.layers.core.Dense object at 0x7fbe4454e910>, <keras.layers.core.Activation object at 0x7fbe4454eb50>, <keras.layers.core.Dropout object at 0x7fbe4454eb10>, <keras.layers.core.Dense object at 0x7fbe4450e810>, <keras.layers.core.Activation object at 0x7fbe444b3d90>]",<keras.optimizers.SGD object at 0x7fbe444d76d0>,0.74320795966148379,True,0.009999999776482582,0.8999999761581421,9.999999974752427e-07,0.74602000000000002,0.74320795966148379,0.74339999999999995,0.76002578575611113
43,mynet_4,1250858,02 Dec 2016 21:41:57,"[<keras.layers.convolutional.Convolution2D object at 0x7fbe468da650>, <keras.layers.core.Activation object at 0x7fbe7afd45d0>, <keras.layers.convolutional.Convolution2D object at 0x7fbe46634950>, <keras.layers.core.Activation object at 0x7fbe445e8f90>, <keras.layers.pooling.MaxPooling2D object at 0x7fbe445e8150>, <keras.layers.core.Dropout object at 0x7fbe4663f590>, <keras.layers.convolutional.Convolution2D object at 0x7fbe445abed0>, <keras.layers.core.Activation object at 0x7fbe445c2690>, <keras.layers.convolutional.Convolution2D object at 0x7fbe445abd90>, <keras.layers.core.Activation object at 0x7fbe445e0890>, <keras.layers.pooling.MaxPooling2D object at 0x7fbe4456bc50>, <keras.layers.core.Dropout object at 0x7fbe44578e90>, <keras.layers.core.Flatten object at 0x7fbe44537bd0>, <keras.layers.core.Dense object at 0x7fbe4454e910>, <keras.layers.core.Activation object at 0x7fbe4454eb50>, <keras.layers.core.Dropout object at 0x7fbe4454eb10>, <keras.layers.core.Dense object at 0x7fbe4450e810>, <keras.layers.core.Activation object at 0x7fbe444b3d90>]",<keras.optimizers.SGD object at 0x7fbe444d76d0>,0.73477891249656679,True,0.009999999776482582,0.8999999761581421,9.999999974752427e-07,0.74729999999999996,0.73477891249656679,0.76659999999999995,0.69717995443344116
44,mynet_4,1250858,02 Dec 2016 21:42:41,"[<keras.layers.convolutional.Convolution2D object at 0x7fbe468da650>, <keras.layers.core.Activation object at 0x7fbe7afd45d0>, <keras.layers.convolutional.Convolution2D object at 0x7fbe46634950>, <keras.layers.core.Activation object at 0x7fbe445e8f90>, <keras.layers.pooling.MaxPooling2D object at 0x7fbe445e8150>, <keras.layers.core.Dropout object at 0x7fbe4663f590>, <keras.layers.convolutional.Convolution2D object at 0x7fbe445abed0>, <keras.layers.core.Activation object at 0x7fbe445c2690>, <keras.layers.convolutional.Convolution2D object at 0x7fbe445abd90>, <keras.layers.core.Activation object at 0x7fbe445e0890>, <keras.layers.pooling.MaxPooling2D object at 0x7fbe4456bc50>, <keras.layers.core.Dropout object at 0x7fbe44578e90>, <keras.layers.core.Flatten object at 0x7fbe44537bd0>, <keras.layers.core.Dense object at 0x7fbe4454e910>, <keras.layers.core.Activation object at 0x7fbe4454eb50>, <keras.layers.core.Dropout object at 0x7fbe4454eb10>, <keras.layers.core.Dense object at 0x7fbe4450e810>, <keras.layers.core.Activation object at 0x7fbe444b3d90>]",<keras.optimizers.SGD object at 0x7fbe444d76d0>,0.73781156807899473,True,0.009999999776482582,0.8999999761581421,9.999999974752427e-07,0.75031999999999999,0.73781156807899473,0.76090000000000002,0.71770340867042537
45,mynet_4,1250858,02 Dec 2016 21:43:26,"[<keras.layers.convolutional.Convolution2D object at 0x7fbe468da650>, <keras.layers.core.Activation object at 0x7fbe7afd45d0>, <keras.layers.convolutional.Convolution2D object at 0x7fbe46634950>, <keras.layers.core.Activation object at 0x7fbe445e8f90>, <keras.layers.pooling.MaxPooling2D object at 0x7fbe445e8150>, <keras.layers.core.Dropout object at 0x7fbe4663f590>, <keras.layers.convolutional.Convolution2D object at 0x7fbe445abed0>, <keras.layers.core.Activation object at 0x7fbe445c2690>, <keras.layers.convolutional.Convolution2D object at 0x7fbe445abd90>, <keras.layers.core.Activation object at 0x7fbe445e0890>, <keras.layers.pooling.MaxPooling2D object at 0x7fbe4456bc50>, <keras.layers.core.Dropout object at 0x7fbe44578e90>, <keras.layers.core.Flatten object at 0x7fbe44537bd0>, <keras.layers.core.Dense object at 0x7fbe4454e910>, <keras.layers.core.Activation object at 0x7fbe4454eb50>, <keras.layers.core.Dropout object at 0x7fbe4454eb10>, <keras.layers.core.Dense object at 0x7fbe4450e810>, <keras.layers.core.Activation object at 0x7fbe444b3d90>]",<keras.optimizers.SGD object at 0x7fbe444d76d0>,0.73569334652900698,True,0.009999999776482582,0.8999999761581421,9.999999974752427e-07,0.75039999999999996,0.73569334652900698,0.75700000000000001,0.741687131690979
46,mynet_4,1250858,02 Dec 2016 21:44:10,"[<keras.layers.convolutional.Convolution2D object at 0x7fbe468da650>, <keras.layers.core.Activation object at 0x7fbe7afd45d0>, <keras.layers.convolutional.Convolution2D object at 0x7fbe46634950>, <keras.layers.core.Activation object at 0x7fbe445e8f90>, <keras.layers.pooling.MaxPooling2D object at 0x7fbe445e8150>, <keras.layers.core.Dropout object at 0x7fbe4663f590>, <keras.layers.convolutional.Convolution2D object at 0x7fbe445abed0>, <keras.layers.core.Activation object at 0x7fbe445c2690>, <keras.layers.convolutional.Convolution2D object at 0x7fbe445abd90>, <keras.layers.core.Activation object at 0x7fbe445e0890>, <keras.layers.pooling.MaxPooling2D object at 0x7fbe4456bc50>, <keras.layers.core.Dropout object at 0x7fbe44578e90>, <keras.layers.core.Flatten object at 0x7fbe44537bd0>, <keras.layers.core.Dense object at 0x7fbe4454e910>, <keras.layers.core.Activation object at 0x7fbe4454eb50>, <keras.layers.core.Dropout object at 0x7fbe4454eb10>, <keras.layers.core.Dense object at 0x7fbe4450e810>, <keras.layers.core.Activation object at 0x7fbe444b3d90>]",<keras.optimizers.SGD object at 0x7fbe444d76d0>,0.72962793230056766,True,0.009999999776482582,0.8999999761581421,9.999999974752427e-07,0.74972000000000005,0.72962793230056766,0.75739999999999996,0.71755732710361486
47,mynet_4,1250858,02 Dec 2016 21:44:55,"[<keras.layers.convolutional.Convolution2D object at 0x7fbe468da650>, <keras.layers.core.Activation object at 0x7fbe7afd45d0>, <keras.layers.convolutional.Convolution2D object at 0x7fbe46634950>, <keras.layers.core.Activation object at 0x7fbe445e8f90>, <keras.layers.pooling.MaxPooling2D object at 0x7fbe445e8150>, <keras.layers.core.Dropout object at 0x7fbe4663f590>, <keras.layers.convolutional.Convolution2D object at 0x7fbe445abed0>, <keras.layers.core.Activation object at 0x7fbe445c2690>, <keras.layers.convolutional.Convolution2D object at 0x7fbe445abd90>, <keras.layers.core.Activation object at 0x7fbe445e0890>, <keras.layers.pooling.MaxPooling2D object at 0x7fbe4456bc50>, <keras.layers.core.Dropout object at 0x7fbe44578e90>, <keras.layers.core.Flatten object at 0x7fbe44537bd0>, <keras.layers.core.Dense object at 0x7fbe4454e910>, <keras.layers.core.Activation object at 0x7fbe4454eb50>, <keras.layers.core.Dropout object at 0x7fbe4454eb10>, <keras.layers.core.Dense object at 0x7fbe4450e810>, <keras.layers.core.Activation object at 0x7fbe444b3d90>]",<keras.optimizers.SGD object at 0x7fbe444d76d0>,0.72919674644470212,True,0.009999999776482582,0.8999999761581421,9.999999974752427e-07,0.75090000000000001,0.72919674644470212,0.76549999999999996,0.7086254873514175
48,mynet_4,1250858,02 Dec 2016 21:45:39,"[<keras.layers.convolutional.Convolution2D object at 0x7fbe468da650>, <keras.layers.core.Activation object at 0x7fbe7afd45d0>, <keras.layers.convolutional.Convolution2D object at 0x7fbe46634950>, <keras.layers.core.Activation object at 0x7fbe445e8f90>, <keras.layers.pooling.MaxPooling2D object at 0x7fbe445e8150>, <keras.layers.core.Dropout object at 0x7fbe4663f590>, <keras.layers.convolutional.Convolution2D object at 0x7fbe445abed0>, <keras.layers.core.Activation object at 0x7fbe445c2690>, <keras.layers.convolutional.Convolution2D object at 0x7fbe445abd90>, <keras.layers.core.Activation object at 0x7fbe445e0890>, <keras.layers.pooling.MaxPooling2D object at 0x7fbe4456bc50>, <keras.layers.core.Dropout object at 0x7fbe44578e90>, <keras.layers.core.Flatten object at 0x7fbe44537bd0>, <keras.layers.core.Dense object at 0x7fbe4454e910>, <keras.layers.core.Activation object at 0x7fbe4454eb50>, <keras.layers.core.Dropout object at 0x7fbe4454eb10>, <keras.layers.core.Dense object at 0x7fbe4450e810>, <keras.layers.core.Activation object at 0x7fbe444b3d90>]",<keras.optimizers.SGD object at 0x7fbe444d76d0>,0.7231928413105011,True,0.009999999776482582,0.8999999761581421,9.999999974752427e-07,0.75507999999999997,0.7231928413105011,0.76929999999999998,0.70595602691173553
49,mynet_4,1250858,02 Dec 2016 21:46:24,"[<keras.layers.convolutional.Convolution2D object at 0x7fbe468da650>, <keras.layers.core.Activation object at 0x7fbe7afd45d0>, <keras.layers.convolutional.Convolution2D object at 0x7fbe46634950>, <keras.layers.core.Activation object at 0x7fbe445e8f90>, <keras.layers.pooling.MaxPooling2D object at 0x7fbe445e8150>, <keras.layers.core.Dropout object at 0x7fbe4663f590>, <keras.layers.convolutional.Convolution2D object at 0x7fbe445abed0>, <keras.layers.core.Activation object at 0x7fbe445c2690>, <keras.layers.convolutional.Convolution2D object at 0x7fbe445abd90>, <keras.layers.core.Activation object at 0x7fbe445e0890>, <keras.layers.pooling.MaxPooling2D object at 0x7fbe4456bc50>, <keras.layers.core.Dropout object at 0x7fbe44578e90>, <keras.layers.core.Flatten object at 0x7fbe44537bd0>, <keras.layers.core.Dense object at 0x7fbe4454e910>, <keras.layers.core.Activation object at 0x7fbe4454eb50>, <keras.layers.core.Dropout object at 0x7fbe4454eb10>, <keras.layers.core.Dense object at 0x7fbe4450e810>, <keras.layers.core.Activation object at 0x7fbe444b3d90>]",<keras.optimizers.SGD object at 0x7fbe444d76d0>,0.72585567674636842,True,0.009999999776482582,0.8999999761581421,9.999999974752427e-07,0.75173999999999996,0.72585567674636842,0.75180000000000002,0.74430093770027161
50,mynet_4,1250858,02 Dec 2016 21:47:09,"[<keras.layers.convolutional.Convolution2D object at 0x7fbe468da650>, <keras.layers.core.Activation object at 0x7fbe7afd45d0>, <keras.layers.convolutional.Convolution2D object at 0x7fbe46634950>, <keras.layers.core.Activation object at 0x7fbe445e8f90>, <keras.layers.pooling.MaxPooling2D object at 0x7fbe445e8150>, <keras.layers.core.Dropout object at 0x7fbe4663f590>, <keras.layers.convolutional.Convolution2D object at 0x7fbe445abed0>, <keras.layers.core.Activation object at 0x7fbe445c2690>, <keras.layers.convolutional.Convolution2D object at 0x7fbe445abd90>, <keras.layers.core.Activation object at 0x7fbe445e0890>, <keras.layers.pooling.MaxPooling2D object at 0x7fbe4456bc50>, <keras.layers.core.Dropout object at 0x7fbe44578e90>, <keras.layers.core.Flatten object at 0x7fbe44537bd0>, <keras.layers.core.Dense object at 0x7fbe4454e910>, <keras.layers.core.Activation object at 0x7fbe4454eb50>, <keras.layers.core.Dropout object at 0x7fbe4454eb10>, <keras.layers.core.Dense object at 0x7fbe4450e810>, <keras.layers.core.Activation object at 0x7fbe444b3d90>]",<keras.optimizers.SGD object at 0x7fbe444d76d0>,0.72316594765663145,True,0.009999999776482582,0.8999999761581421,9.999999974752427e-07,0.75139999999999996,0.72316594765663145,0.76919999999999999,0.68672916114330296
51,mynet_4,1250858,02 Dec 2016 21:47:53,"[<keras.layers.convolutional.Convolution2D object at 0x7fbe468da650>, <keras.layers.core.Activation object at 0x7fbe7afd45d0>, <keras.layers.convolutional.Convolution2D object at 0x7fbe46634950>, <keras.layers.core.Activation object at 0x7fbe445e8f90>, <keras.layers.pooling.MaxPooling2D object at 0x7fbe445e8150>, <keras.layers.core.Dropout object at 0x7fbe4663f590>, <keras.layers.convolutional.Convolution2D object at 0x7fbe445abed0>, <keras.layers.core.Activation object at 0x7fbe445c2690>, <keras.layers.convolutional.Convolution2D object at 0x7fbe445abd90>, <keras.layers.core.Activation object at 0x7fbe445e0890>, <keras.layers.pooling.MaxPooling2D object at 0x7fbe4456bc50>, <keras.layers.core.Dropout object at 0x7fbe44578e90>, <keras.layers.core.Flatten object at 0x7fbe44537bd0>, <keras.layers.core.Dense object at 0x7fbe4454e910>, <keras.layers.core.Activation object at 0x7fbe4454eb50>, <keras.layers.core.Dropout object at 0x7fbe4454eb10>, <keras.layers.core.Dense object at 0x7fbe4450e810>, <keras.layers.core.Activation object at 0x7fbe444b3d90>]",<keras.optimizers.SGD object at 0x7fbe444d76d0>,0.72371677280426028,True,0.009999999776482582,0.8999999761581421,9.999999974752427e-07,0.75441999999999998,0.72371677280426028,0.76590000000000003,0.7155821084856987
52,mynet_4,1250858,02 Dec 2016 21:48:38,"[<keras.layers.convolutional.Convolution2D object at 0x7fbe468da650>, <keras.layers.core.Activation object at 0x7fbe7afd45d0>, <keras.layers.convolutional.Convolution2D object at 0x7fbe46634950>, <keras.layers.core.Activation object at 0x7fbe445e8f90>, <keras.layers.pooling.MaxPooling2D object at 0x7fbe445e8150>, <keras.layers.core.Dropout object at 0x7fbe4663f590>, <keras.layers.convolutional.Convolution2D object at 0x7fbe445abed0>, <keras.layers.core.Activation object at 0x7fbe445c2690>, <keras.layers.convolutional.Convolution2D object at 0x7fbe445abd90>, <keras.layers.core.Activation object at 0x7fbe445e0890>, <keras.layers.pooling.MaxPooling2D object at 0x7fbe4456bc50>, <keras.layers.core.Dropout object at 0x7fbe44578e90>, <keras.layers.core.Flatten object at 0x7fbe44537bd0>, <keras.layers.core.Dense object at 0x7fbe4454e910>, <keras.layers.core.Activation object at 0x7fbe4454eb50>, <keras.layers.core.Dropout object at 0x7fbe4454eb10>, <keras.layers.core.Dense object at 0x7fbe4450e810>, <keras.layers.core.Activation object at 0x7fbe444b3d90>]",<keras.optimizers.SGD object at 0x7fbe444d76d0>,0.72852396537780761,True,0.009999999776482582,0.8999999761581421,9.999999974752427e-07,0.75519999999999998,0.72852396537780761,0.76910000000000001,0.70461627455949782
