epoch,model,param_count,time,layers,optimizer,loss,beta_1,epsilon,beta_2,lr,decay,acc,loss,val_acc,val_loss
0,vgg2_6,5625994,26 Nov 2016 23:34:36,"[<keras.layers.convolutional.ZeroPadding2D object at 0x7fc153265750>, <keras.layers.convolutional.Convolution2D object at 0x7fc153265b90>, <keras.layers.core.Activation object at 0x7fc146278f90>, <keras.layers.pooling.MaxPooling2D object at 0x7fc146278650>, <keras.layers.convolutional.ZeroPadding2D object at 0x7fc146278690>, <keras.layers.convolutional.Convolution2D object at 0x7fc146278d10>, <keras.layers.core.Activation object at 0x7fc1507c0550>, <keras.layers.pooling.MaxPooling2D object at 0x7fc1507c0fd0>, <keras.layers.convolutional.ZeroPadding2D object at 0x7fc1507c0b50>, <keras.layers.convolutional.Convolution2D object at 0x7fc1507b2fd0>, <keras.layers.core.Activation object at 0x7fc1507d1ed0>, <keras.layers.pooling.MaxPooling2D object at 0x7fc1507d1d90>, <keras.layers.core.Flatten object at 0x7fc1507d1b90>, <keras.layers.core.Dense object at 0x7fc15077d610>, <keras.layers.core.Dropout object at 0x7fc150726810>, <keras.layers.core.Dense object at 0x7fc1506f1ed0>, <keras.layers.core.Dropout object at 0x7fc15070ae90>, <keras.layers.core.Dense object at 0x7fc1506f1290>]",<keras.optimizers.Adam object at 0x7fc150683f10>,1.7669250741195679,0.8999999761581421,1e-08,0.9990000128746033,0.0010000000474974513,0.0,0.33563999999999999,1.7669250741195679,0.48870000000000002,1.3808977524757384
1,vgg2_6,5625994,26 Nov 2016 23:35:21,"[<keras.layers.convolutional.ZeroPadding2D object at 0x7fc153265750>, <keras.layers.convolutional.Convolution2D object at 0x7fc153265b90>, <keras.layers.core.Activation object at 0x7fc146278f90>, <keras.layers.pooling.MaxPooling2D object at 0x7fc146278650>, <keras.layers.convolutional.ZeroPadding2D object at 0x7fc146278690>, <keras.layers.convolutional.Convolution2D object at 0x7fc146278d10>, <keras.layers.core.Activation object at 0x7fc1507c0550>, <keras.layers.pooling.MaxPooling2D object at 0x7fc1507c0fd0>, <keras.layers.convolutional.ZeroPadding2D object at 0x7fc1507c0b50>, <keras.layers.convolutional.Convolution2D object at 0x7fc1507b2fd0>, <keras.layers.core.Activation object at 0x7fc1507d1ed0>, <keras.layers.pooling.MaxPooling2D object at 0x7fc1507d1d90>, <keras.layers.core.Flatten object at 0x7fc1507d1b90>, <keras.layers.core.Dense object at 0x7fc15077d610>, <keras.layers.core.Dropout object at 0x7fc150726810>, <keras.layers.core.Dense object at 0x7fc1506f1ed0>, <keras.layers.core.Dropout object at 0x7fc15070ae90>, <keras.layers.core.Dense object at 0x7fc1506f1290>]",<keras.optimizers.Adam object at 0x7fc150683f10>,1.3520875100708007,0.8999999761581421,1e-08,0.9990000128746033,0.0010000000474974513,0.0,0.51558000000000004,1.3520875100708007,0.58999999999999997,1.1505574909210206
2,vgg2_6,5625994,26 Nov 2016 23:36:06,"[<keras.layers.convolutional.ZeroPadding2D object at 0x7fc153265750>, <keras.layers.convolutional.Convolution2D object at 0x7fc153265b90>, <keras.layers.core.Activation object at 0x7fc146278f90>, <keras.layers.pooling.MaxPooling2D object at 0x7fc146278650>, <keras.layers.convolutional.ZeroPadding2D object at 0x7fc146278690>, <keras.layers.convolutional.Convolution2D object at 0x7fc146278d10>, <keras.layers.core.Activation object at 0x7fc1507c0550>, <keras.layers.pooling.MaxPooling2D object at 0x7fc1507c0fd0>, <keras.layers.convolutional.ZeroPadding2D object at 0x7fc1507c0b50>, <keras.layers.convolutional.Convolution2D object at 0x7fc1507b2fd0>, <keras.layers.core.Activation object at 0x7fc1507d1ed0>, <keras.layers.pooling.MaxPooling2D object at 0x7fc1507d1d90>, <keras.layers.core.Flatten object at 0x7fc1507d1b90>, <keras.layers.core.Dense object at 0x7fc15077d610>, <keras.layers.core.Dropout object at 0x7fc150726810>, <keras.layers.core.Dense object at 0x7fc1506f1ed0>, <keras.layers.core.Dropout object at 0x7fc15070ae90>, <keras.layers.core.Dense object at 0x7fc1506f1290>]",<keras.optimizers.Adam object at 0x7fc150683f10>,1.1951477006149291,0.8999999761581421,1e-08,0.9990000128746033,0.0010000000474974513,0.0,0.57845999999999997,1.1951477006149291,0.63500000000000001,1.0480036162853241
3,vgg2_6,5625994,26 Nov 2016 23:36:52,"[<keras.layers.convolutional.ZeroPadding2D object at 0x7fc153265750>, <keras.layers.convolutional.Convolution2D object at 0x7fc153265b90>, <keras.layers.core.Activation object at 0x7fc146278f90>, <keras.layers.pooling.MaxPooling2D object at 0x7fc146278650>, <keras.layers.convolutional.ZeroPadding2D object at 0x7fc146278690>, <keras.layers.convolutional.Convolution2D object at 0x7fc146278d10>, <keras.layers.core.Activation object at 0x7fc1507c0550>, <keras.layers.pooling.MaxPooling2D object at 0x7fc1507c0fd0>, <keras.layers.convolutional.ZeroPadding2D object at 0x7fc1507c0b50>, <keras.layers.convolutional.Convolution2D object at 0x7fc1507b2fd0>, <keras.layers.core.Activation object at 0x7fc1507d1ed0>, <keras.layers.pooling.MaxPooling2D object at 0x7fc1507d1d90>, <keras.layers.core.Flatten object at 0x7fc1507d1b90>, <keras.layers.core.Dense object at 0x7fc15077d610>, <keras.layers.core.Dropout object at 0x7fc150726810>, <keras.layers.core.Dense object at 0x7fc1506f1ed0>, <keras.layers.core.Dropout object at 0x7fc15070ae90>, <keras.layers.core.Dense object at 0x7fc1506f1290>]",<keras.optimizers.Adam object at 0x7fc150683f10>,1.0922208623504639,0.8999999761581421,1e-08,0.9990000128746033,0.0010000000474974513,0.0,0.61702000000000001,1.0922208623504639,0.66010000000000002,0.97644441719055175
4,vgg2_6,5625994,26 Nov 2016 23:37:37,"[<keras.layers.convolutional.ZeroPadding2D object at 0x7fc153265750>, <keras.layers.convolutional.Convolution2D object at 0x7fc153265b90>, <keras.layers.core.Activation object at 0x7fc146278f90>, <keras.layers.pooling.MaxPooling2D object at 0x7fc146278650>, <keras.layers.convolutional.ZeroPadding2D object at 0x7fc146278690>, <keras.layers.convolutional.Convolution2D object at 0x7fc146278d10>, <keras.layers.core.Activation object at 0x7fc1507c0550>, <keras.layers.pooling.MaxPooling2D object at 0x7fc1507c0fd0>, <keras.layers.convolutional.ZeroPadding2D object at 0x7fc1507c0b50>, <keras.layers.convolutional.Convolution2D object at 0x7fc1507b2fd0>, <keras.layers.core.Activation object at 0x7fc1507d1ed0>, <keras.layers.pooling.MaxPooling2D object at 0x7fc1507d1d90>, <keras.layers.core.Flatten object at 0x7fc1507d1b90>, <keras.layers.core.Dense object at 0x7fc15077d610>, <keras.layers.core.Dropout object at 0x7fc150726810>, <keras.layers.core.Dense object at 0x7fc1506f1ed0>, <keras.layers.core.Dropout object at 0x7fc15070ae90>, <keras.layers.core.Dense object at 0x7fc1506f1290>]",<keras.optimizers.Adam object at 0x7fc150683f10>,1.0293838397216797,0.8999999761581421,1e-08,0.9990000128746033,0.0010000000474974513,0.0,0.64083999999999997,1.0293838397216797,0.65769999999999995,0.97489370636939998
5,vgg2_6,5625994,26 Nov 2016 23:38:22,"[<keras.layers.convolutional.ZeroPadding2D object at 0x7fc153265750>, <keras.layers.convolutional.Convolution2D object at 0x7fc153265b90>, <keras.layers.core.Activation object at 0x7fc146278f90>, <keras.layers.pooling.MaxPooling2D object at 0x7fc146278650>, <keras.layers.convolutional.ZeroPadding2D object at 0x7fc146278690>, <keras.layers.convolutional.Convolution2D object at 0x7fc146278d10>, <keras.layers.core.Activation object at 0x7fc1507c0550>, <keras.layers.pooling.MaxPooling2D object at 0x7fc1507c0fd0>, <keras.layers.convolutional.ZeroPadding2D object at 0x7fc1507c0b50>, <keras.layers.convolutional.Convolution2D object at 0x7fc1507b2fd0>, <keras.layers.core.Activation object at 0x7fc1507d1ed0>, <keras.layers.pooling.MaxPooling2D object at 0x7fc1507d1d90>, <keras.layers.core.Flatten object at 0x7fc1507d1b90>, <keras.layers.core.Dense object at 0x7fc15077d610>, <keras.layers.core.Dropout object at 0x7fc150726810>, <keras.layers.core.Dense object at 0x7fc1506f1ed0>, <keras.layers.core.Dropout object at 0x7fc15070ae90>, <keras.layers.core.Dense object at 0x7fc1506f1290>]",<keras.optimizers.Adam object at 0x7fc150683f10>,0.98433315032958979,0.8999999761581421,1e-08,0.9990000128746033,0.0010000000474974513,0.0,0.65668000000000004,0.98433315032958979,0.68600000000000005,0.90289638748168943
6,vgg2_6,5625994,26 Nov 2016 23:39:07,"[<keras.layers.convolutional.ZeroPadding2D object at 0x7fc153265750>, <keras.layers.convolutional.Convolution2D object at 0x7fc153265b90>, <keras.layers.core.Activation object at 0x7fc146278f90>, <keras.layers.pooling.MaxPooling2D object at 0x7fc146278650>, <keras.layers.convolutional.ZeroPadding2D object at 0x7fc146278690>, <keras.layers.convolutional.Convolution2D object at 0x7fc146278d10>, <keras.layers.core.Activation object at 0x7fc1507c0550>, <keras.layers.pooling.MaxPooling2D object at 0x7fc1507c0fd0>, <keras.layers.convolutional.ZeroPadding2D object at 0x7fc1507c0b50>, <keras.layers.convolutional.Convolution2D object at 0x7fc1507b2fd0>, <keras.layers.core.Activation object at 0x7fc1507d1ed0>, <keras.layers.pooling.MaxPooling2D object at 0x7fc1507d1d90>, <keras.layers.core.Flatten object at 0x7fc1507d1b90>, <keras.layers.core.Dense object at 0x7fc15077d610>, <keras.layers.core.Dropout object at 0x7fc150726810>, <keras.layers.core.Dense object at 0x7fc1506f1ed0>, <keras.layers.core.Dropout object at 0x7fc15070ae90>, <keras.layers.core.Dense object at 0x7fc1506f1290>]",<keras.optimizers.Adam object at 0x7fc150683f10>,0.94832124774932858,0.8999999761581421,1e-08,0.9990000128746033,0.0010000000474974513,0.0,0.66801999999999995,0.94832124774932858,0.69540000000000002,0.87944496750831602
7,vgg2_6,5625994,26 Nov 2016 23:39:52,"[<keras.layers.convolutional.ZeroPadding2D object at 0x7fc153265750>, <keras.layers.convolutional.Convolution2D object at 0x7fc153265b90>, <keras.layers.core.Activation object at 0x7fc146278f90>, <keras.layers.pooling.MaxPooling2D object at 0x7fc146278650>, <keras.layers.convolutional.ZeroPadding2D object at 0x7fc146278690>, <keras.layers.convolutional.Convolution2D object at 0x7fc146278d10>, <keras.layers.core.Activation object at 0x7fc1507c0550>, <keras.layers.pooling.MaxPooling2D object at 0x7fc1507c0fd0>, <keras.layers.convolutional.ZeroPadding2D object at 0x7fc1507c0b50>, <keras.layers.convolutional.Convolution2D object at 0x7fc1507b2fd0>, <keras.layers.core.Activation object at 0x7fc1507d1ed0>, <keras.layers.pooling.MaxPooling2D object at 0x7fc1507d1d90>, <keras.layers.core.Flatten object at 0x7fc1507d1b90>, <keras.layers.core.Dense object at 0x7fc15077d610>, <keras.layers.core.Dropout object at 0x7fc150726810>, <keras.layers.core.Dense object at 0x7fc1506f1ed0>, <keras.layers.core.Dropout object at 0x7fc15070ae90>, <keras.layers.core.Dense object at 0x7fc1506f1290>]",<keras.optimizers.Adam object at 0x7fc150683f10>,0.91756312442779542,0.8999999761581421,1e-08,0.9990000128746033,0.0010000000474974513,0.0,0.67842000000000002,0.91756312442779542,0.69179999999999997,0.88696819200515742
8,vgg2_6,5625994,26 Nov 2016 23:40:37,"[<keras.layers.convolutional.ZeroPadding2D object at 0x7fc153265750>, <keras.layers.convolutional.Convolution2D object at 0x7fc153265b90>, <keras.layers.core.Activation object at 0x7fc146278f90>, <keras.layers.pooling.MaxPooling2D object at 0x7fc146278650>, <keras.layers.convolutional.ZeroPadding2D object at 0x7fc146278690>, <keras.layers.convolutional.Convolution2D object at 0x7fc146278d10>, <keras.layers.core.Activation object at 0x7fc1507c0550>, <keras.layers.pooling.MaxPooling2D object at 0x7fc1507c0fd0>, <keras.layers.convolutional.ZeroPadding2D object at 0x7fc1507c0b50>, <keras.layers.convolutional.Convolution2D object at 0x7fc1507b2fd0>, <keras.layers.core.Activation object at 0x7fc1507d1ed0>, <keras.layers.pooling.MaxPooling2D object at 0x7fc1507d1d90>, <keras.layers.core.Flatten object at 0x7fc1507d1b90>, <keras.layers.core.Dense object at 0x7fc15077d610>, <keras.layers.core.Dropout object at 0x7fc150726810>, <keras.layers.core.Dense object at 0x7fc1506f1ed0>, <keras.layers.core.Dropout object at 0x7fc15070ae90>, <keras.layers.core.Dense object at 0x7fc1506f1290>]",<keras.optimizers.Adam object at 0x7fc150683f10>,0.88988382221221929,0.8999999761581421,1e-08,0.9990000128746033,0.0010000000474974513,0.0,0.68891999999999998,0.88988382221221929,0.7036,0.84529435195922853
9,vgg2_6,5625994,26 Nov 2016 23:41:23,"[<keras.layers.convolutional.ZeroPadding2D object at 0x7fc153265750>, <keras.layers.convolutional.Convolution2D object at 0x7fc153265b90>, <keras.layers.core.Activation object at 0x7fc146278f90>, <keras.layers.pooling.MaxPooling2D object at 0x7fc146278650>, <keras.layers.convolutional.ZeroPadding2D object at 0x7fc146278690>, <keras.layers.convolutional.Convolution2D object at 0x7fc146278d10>, <keras.layers.core.Activation object at 0x7fc1507c0550>, <keras.layers.pooling.MaxPooling2D object at 0x7fc1507c0fd0>, <keras.layers.convolutional.ZeroPadding2D object at 0x7fc1507c0b50>, <keras.layers.convolutional.Convolution2D object at 0x7fc1507b2fd0>, <keras.layers.core.Activation object at 0x7fc1507d1ed0>, <keras.layers.pooling.MaxPooling2D object at 0x7fc1507d1d90>, <keras.layers.core.Flatten object at 0x7fc1507d1b90>, <keras.layers.core.Dense object at 0x7fc15077d610>, <keras.layers.core.Dropout object at 0x7fc150726810>, <keras.layers.core.Dense object at 0x7fc1506f1ed0>, <keras.layers.core.Dropout object at 0x7fc15070ae90>, <keras.layers.core.Dense object at 0x7fc1506f1290>]",<keras.optimizers.Adam object at 0x7fc150683f10>,0.87215328054428098,0.8999999761581421,1e-08,0.9990000128746033,0.0010000000474974513,0.0,0.69608000000000003,0.87215328054428098,0.69950000000000001,0.86481923270225525
10,vgg2_6,5625994,26 Nov 2016 23:42:08,"[<keras.layers.convolutional.ZeroPadding2D object at 0x7fc153265750>, <keras.layers.convolutional.Convolution2D object at 0x7fc153265b90>, <keras.layers.core.Activation object at 0x7fc146278f90>, <keras.layers.pooling.MaxPooling2D object at 0x7fc146278650>, <keras.layers.convolutional.ZeroPadding2D object at 0x7fc146278690>, <keras.layers.convolutional.Convolution2D object at 0x7fc146278d10>, <keras.layers.core.Activation object at 0x7fc1507c0550>, <keras.layers.pooling.MaxPooling2D object at 0x7fc1507c0fd0>, <keras.layers.convolutional.ZeroPadding2D object at 0x7fc1507c0b50>, <keras.layers.convolutional.Convolution2D object at 0x7fc1507b2fd0>, <keras.layers.core.Activation object at 0x7fc1507d1ed0>, <keras.layers.pooling.MaxPooling2D object at 0x7fc1507d1d90>, <keras.layers.core.Flatten object at 0x7fc1507d1b90>, <keras.layers.core.Dense object at 0x7fc15077d610>, <keras.layers.core.Dropout object at 0x7fc150726810>, <keras.layers.core.Dense object at 0x7fc1506f1ed0>, <keras.layers.core.Dropout object at 0x7fc15070ae90>, <keras.layers.core.Dense object at 0x7fc1506f1290>]",<keras.optimizers.Adam object at 0x7fc150683f10>,0.85807483760833736,0.8999999761581421,1e-08,0.9990000128746033,0.0010000000474974513,0.0,0.70321999999999996,0.85807483760833736,0.71130000000000004,0.82420576937198642
11,vgg2_6,5625994,26 Nov 2016 23:42:53,"[<keras.layers.convolutional.ZeroPadding2D object at 0x7fc153265750>, <keras.layers.convolutional.Convolution2D object at 0x7fc153265b90>, <keras.layers.core.Activation object at 0x7fc146278f90>, <keras.layers.pooling.MaxPooling2D object at 0x7fc146278650>, <keras.layers.convolutional.ZeroPadding2D object at 0x7fc146278690>, <keras.layers.convolutional.Convolution2D object at 0x7fc146278d10>, <keras.layers.core.Activation object at 0x7fc1507c0550>, <keras.layers.pooling.MaxPooling2D object at 0x7fc1507c0fd0>, <keras.layers.convolutional.ZeroPadding2D object at 0x7fc1507c0b50>, <keras.layers.convolutional.Convolution2D object at 0x7fc1507b2fd0>, <keras.layers.core.Activation object at 0x7fc1507d1ed0>, <keras.layers.pooling.MaxPooling2D object at 0x7fc1507d1d90>, <keras.layers.core.Flatten object at 0x7fc1507d1b90>, <keras.layers.core.Dense object at 0x7fc15077d610>, <keras.layers.core.Dropout object at 0x7fc150726810>, <keras.layers.core.Dense object at 0x7fc1506f1ed0>, <keras.layers.core.Dropout object at 0x7fc15070ae90>, <keras.layers.core.Dense object at 0x7fc1506f1290>]",<keras.optimizers.Adam object at 0x7fc150683f10>,0.83203671733856199,0.8999999761581421,1e-08,0.9990000128746033,0.0010000000474974513,0.0,0.7087,0.83203671733856199,0.70850000000000002,0.84854392662048339
12,vgg2_6,5625994,26 Nov 2016 23:43:38,"[<keras.layers.convolutional.ZeroPadding2D object at 0x7fc153265750>, <keras.layers.convolutional.Convolution2D object at 0x7fc153265b90>, <keras.layers.core.Activation object at 0x7fc146278f90>, <keras.layers.pooling.MaxPooling2D object at 0x7fc146278650>, <keras.layers.convolutional.ZeroPadding2D object at 0x7fc146278690>, <keras.layers.convolutional.Convolution2D object at 0x7fc146278d10>, <keras.layers.core.Activation object at 0x7fc1507c0550>, <keras.layers.pooling.MaxPooling2D object at 0x7fc1507c0fd0>, <keras.layers.convolutional.ZeroPadding2D object at 0x7fc1507c0b50>, <keras.layers.convolutional.Convolution2D object at 0x7fc1507b2fd0>, <keras.layers.core.Activation object at 0x7fc1507d1ed0>, <keras.layers.pooling.MaxPooling2D object at 0x7fc1507d1d90>, <keras.layers.core.Flatten object at 0x7fc1507d1b90>, <keras.layers.core.Dense object at 0x7fc15077d610>, <keras.layers.core.Dropout object at 0x7fc150726810>, <keras.layers.core.Dense object at 0x7fc1506f1ed0>, <keras.layers.core.Dropout object at 0x7fc15070ae90>, <keras.layers.core.Dense object at 0x7fc1506f1290>]",<keras.optimizers.Adam object at 0x7fc150683f10>,0.82392407463073736,0.8999999761581421,1e-08,0.9990000128746033,0.0010000000474974513,0.0,0.71492,0.82392407463073736,0.72450000000000003,0.79656181495189671
13,vgg2_6,5625994,26 Nov 2016 23:44:23,"[<keras.layers.convolutional.ZeroPadding2D object at 0x7fc153265750>, <keras.layers.convolutional.Convolution2D object at 0x7fc153265b90>, <keras.layers.core.Activation object at 0x7fc146278f90>, <keras.layers.pooling.MaxPooling2D object at 0x7fc146278650>, <keras.layers.convolutional.ZeroPadding2D object at 0x7fc146278690>, <keras.layers.convolutional.Convolution2D object at 0x7fc146278d10>, <keras.layers.core.Activation object at 0x7fc1507c0550>, <keras.layers.pooling.MaxPooling2D object at 0x7fc1507c0fd0>, <keras.layers.convolutional.ZeroPadding2D object at 0x7fc1507c0b50>, <keras.layers.convolutional.Convolution2D object at 0x7fc1507b2fd0>, <keras.layers.core.Activation object at 0x7fc1507d1ed0>, <keras.layers.pooling.MaxPooling2D object at 0x7fc1507d1d90>, <keras.layers.core.Flatten object at 0x7fc1507d1b90>, <keras.layers.core.Dense object at 0x7fc15077d610>, <keras.layers.core.Dropout object at 0x7fc150726810>, <keras.layers.core.Dense object at 0x7fc1506f1ed0>, <keras.layers.core.Dropout object at 0x7fc15070ae90>, <keras.layers.core.Dense object at 0x7fc1506f1290>]",<keras.optimizers.Adam object at 0x7fc150683f10>,0.80435284505844118,0.8999999761581421,1e-08,0.9990000128746033,0.0010000000474974513,0.0,0.72075999999999996,0.80435284505844118,0.7157,0.82862286095619198
14,vgg2_6,5625994,26 Nov 2016 23:45:08,"[<keras.layers.convolutional.ZeroPadding2D object at 0x7fc153265750>, <keras.layers.convolutional.Convolution2D object at 0x7fc153265b90>, <keras.layers.core.Activation object at 0x7fc146278f90>, <keras.layers.pooling.MaxPooling2D object at 0x7fc146278650>, <keras.layers.convolutional.ZeroPadding2D object at 0x7fc146278690>, <keras.layers.convolutional.Convolution2D object at 0x7fc146278d10>, <keras.layers.core.Activation object at 0x7fc1507c0550>, <keras.layers.pooling.MaxPooling2D object at 0x7fc1507c0fd0>, <keras.layers.convolutional.ZeroPadding2D object at 0x7fc1507c0b50>, <keras.layers.convolutional.Convolution2D object at 0x7fc1507b2fd0>, <keras.layers.core.Activation object at 0x7fc1507d1ed0>, <keras.layers.pooling.MaxPooling2D object at 0x7fc1507d1d90>, <keras.layers.core.Flatten object at 0x7fc1507d1b90>, <keras.layers.core.Dense object at 0x7fc15077d610>, <keras.layers.core.Dropout object at 0x7fc150726810>, <keras.layers.core.Dense object at 0x7fc1506f1ed0>, <keras.layers.core.Dropout object at 0x7fc15070ae90>, <keras.layers.core.Dense object at 0x7fc1506f1290>]",<keras.optimizers.Adam object at 0x7fc150683f10>,0.79973339792251585,0.8999999761581421,1e-08,0.9990000128746033,0.0010000000474974513,0.0,0.72328000000000003,0.79973339792251585,0.7228,0.79762089076042175
15,vgg2_6,5625994,26 Nov 2016 23:45:54,"[<keras.layers.convolutional.ZeroPadding2D object at 0x7fc153265750>, <keras.layers.convolutional.Convolution2D object at 0x7fc153265b90>, <keras.layers.core.Activation object at 0x7fc146278f90>, <keras.layers.pooling.MaxPooling2D object at 0x7fc146278650>, <keras.layers.convolutional.ZeroPadding2D object at 0x7fc146278690>, <keras.layers.convolutional.Convolution2D object at 0x7fc146278d10>, <keras.layers.core.Activation object at 0x7fc1507c0550>, <keras.layers.pooling.MaxPooling2D object at 0x7fc1507c0fd0>, <keras.layers.convolutional.ZeroPadding2D object at 0x7fc1507c0b50>, <keras.layers.convolutional.Convolution2D object at 0x7fc1507b2fd0>, <keras.layers.core.Activation object at 0x7fc1507d1ed0>, <keras.layers.pooling.MaxPooling2D object at 0x7fc1507d1d90>, <keras.layers.core.Flatten object at 0x7fc1507d1b90>, <keras.layers.core.Dense object at 0x7fc15077d610>, <keras.layers.core.Dropout object at 0x7fc150726810>, <keras.layers.core.Dense object at 0x7fc1506f1ed0>, <keras.layers.core.Dropout object at 0x7fc15070ae90>, <keras.layers.core.Dense object at 0x7fc1506f1290>]",<keras.optimizers.Adam object at 0x7fc150683f10>,0.78889305631637574,0.8999999761581421,1e-08,0.9990000128746033,0.0010000000474974513,0.0,0.72409999999999997,0.78889305631637574,0.7228,0.81123326745033264
16,vgg2_6,5625994,26 Nov 2016 23:46:39,"[<keras.layers.convolutional.ZeroPadding2D object at 0x7fc153265750>, <keras.layers.convolutional.Convolution2D object at 0x7fc153265b90>, <keras.layers.core.Activation object at 0x7fc146278f90>, <keras.layers.pooling.MaxPooling2D object at 0x7fc146278650>, <keras.layers.convolutional.ZeroPadding2D object at 0x7fc146278690>, <keras.layers.convolutional.Convolution2D object at 0x7fc146278d10>, <keras.layers.core.Activation object at 0x7fc1507c0550>, <keras.layers.pooling.MaxPooling2D object at 0x7fc1507c0fd0>, <keras.layers.convolutional.ZeroPadding2D object at 0x7fc1507c0b50>, <keras.layers.convolutional.Convolution2D object at 0x7fc1507b2fd0>, <keras.layers.core.Activation object at 0x7fc1507d1ed0>, <keras.layers.pooling.MaxPooling2D object at 0x7fc1507d1d90>, <keras.layers.core.Flatten object at 0x7fc1507d1b90>, <keras.layers.core.Dense object at 0x7fc15077d610>, <keras.layers.core.Dropout object at 0x7fc150726810>, <keras.layers.core.Dense object at 0x7fc1506f1ed0>, <keras.layers.core.Dropout object at 0x7fc15070ae90>, <keras.layers.core.Dense object at 0x7fc1506f1290>]",<keras.optimizers.Adam object at 0x7fc150683f10>,0.77036479194641116,0.8999999761581421,1e-08,0.9990000128746033,0.0010000000474974513,0.0,0.73341999999999996,0.77036479194641116,0.72760000000000002,0.77996748960018158
17,vgg2_6,5625994,26 Nov 2016 23:47:24,"[<keras.layers.convolutional.ZeroPadding2D object at 0x7fc153265750>, <keras.layers.convolutional.Convolution2D object at 0x7fc153265b90>, <keras.layers.core.Activation object at 0x7fc146278f90>, <keras.layers.pooling.MaxPooling2D object at 0x7fc146278650>, <keras.layers.convolutional.ZeroPadding2D object at 0x7fc146278690>, <keras.layers.convolutional.Convolution2D object at 0x7fc146278d10>, <keras.layers.core.Activation object at 0x7fc1507c0550>, <keras.layers.pooling.MaxPooling2D object at 0x7fc1507c0fd0>, <keras.layers.convolutional.ZeroPadding2D object at 0x7fc1507c0b50>, <keras.layers.convolutional.Convolution2D object at 0x7fc1507b2fd0>, <keras.layers.core.Activation object at 0x7fc1507d1ed0>, <keras.layers.pooling.MaxPooling2D object at 0x7fc1507d1d90>, <keras.layers.core.Flatten object at 0x7fc1507d1b90>, <keras.layers.core.Dense object at 0x7fc15077d610>, <keras.layers.core.Dropout object at 0x7fc150726810>, <keras.layers.core.Dense object at 0x7fc1506f1ed0>, <keras.layers.core.Dropout object at 0x7fc15070ae90>, <keras.layers.core.Dense object at 0x7fc1506f1290>]",<keras.optimizers.Adam object at 0x7fc150683f10>,0.76489864063262936,0.8999999761581421,1e-08,0.9990000128746033,0.0010000000474974513,0.0,0.73663999999999996,0.76489864063262936,0.73019999999999996,0.78734241788387294
18,vgg2_6,5625994,26 Nov 2016 23:48:09,"[<keras.layers.convolutional.ZeroPadding2D object at 0x7fc153265750>, <keras.layers.convolutional.Convolution2D object at 0x7fc153265b90>, <keras.layers.core.Activation object at 0x7fc146278f90>, <keras.layers.pooling.MaxPooling2D object at 0x7fc146278650>, <keras.layers.convolutional.ZeroPadding2D object at 0x7fc146278690>, <keras.layers.convolutional.Convolution2D object at 0x7fc146278d10>, <keras.layers.core.Activation object at 0x7fc1507c0550>, <keras.layers.pooling.MaxPooling2D object at 0x7fc1507c0fd0>, <keras.layers.convolutional.ZeroPadding2D object at 0x7fc1507c0b50>, <keras.layers.convolutional.Convolution2D object at 0x7fc1507b2fd0>, <keras.layers.core.Activation object at 0x7fc1507d1ed0>, <keras.layers.pooling.MaxPooling2D object at 0x7fc1507d1d90>, <keras.layers.core.Flatten object at 0x7fc1507d1b90>, <keras.layers.core.Dense object at 0x7fc15077d610>, <keras.layers.core.Dropout object at 0x7fc150726810>, <keras.layers.core.Dense object at 0x7fc1506f1ed0>, <keras.layers.core.Dropout object at 0x7fc15070ae90>, <keras.layers.core.Dense object at 0x7fc1506f1290>]",<keras.optimizers.Adam object at 0x7fc150683f10>,0.76376162677764892,0.8999999761581421,1e-08,0.9990000128746033,0.0010000000474974513,0.0,0.73485999999999996,0.76376162677764892,0.72209999999999996,0.80473061225414277
19,vgg2_6,5625994,26 Nov 2016 23:48:54,"[<keras.layers.convolutional.ZeroPadding2D object at 0x7fc153265750>, <keras.layers.convolutional.Convolution2D object at 0x7fc153265b90>, <keras.layers.core.Activation object at 0x7fc146278f90>, <keras.layers.pooling.MaxPooling2D object at 0x7fc146278650>, <keras.layers.convolutional.ZeroPadding2D object at 0x7fc146278690>, <keras.layers.convolutional.Convolution2D object at 0x7fc146278d10>, <keras.layers.core.Activation object at 0x7fc1507c0550>, <keras.layers.pooling.MaxPooling2D object at 0x7fc1507c0fd0>, <keras.layers.convolutional.ZeroPadding2D object at 0x7fc1507c0b50>, <keras.layers.convolutional.Convolution2D object at 0x7fc1507b2fd0>, <keras.layers.core.Activation object at 0x7fc1507d1ed0>, <keras.layers.pooling.MaxPooling2D object at 0x7fc1507d1d90>, <keras.layers.core.Flatten object at 0x7fc1507d1b90>, <keras.layers.core.Dense object at 0x7fc15077d610>, <keras.layers.core.Dropout object at 0x7fc150726810>, <keras.layers.core.Dense object at 0x7fc1506f1ed0>, <keras.layers.core.Dropout object at 0x7fc15070ae90>, <keras.layers.core.Dense object at 0x7fc1506f1290>]",<keras.optimizers.Adam object at 0x7fc150683f10>,0.75593567901611325,0.8999999761581421,1e-08,0.9990000128746033,0.0010000000474974513,0.0,0.73640000000000005,0.75593567901611325,0.73970000000000002,0.76221091153621678
20,vgg2_6,5625994,26 Nov 2016 23:49:40,"[<keras.layers.convolutional.ZeroPadding2D object at 0x7fc153265750>, <keras.layers.convolutional.Convolution2D object at 0x7fc153265b90>, <keras.layers.core.Activation object at 0x7fc146278f90>, <keras.layers.pooling.MaxPooling2D object at 0x7fc146278650>, <keras.layers.convolutional.ZeroPadding2D object at 0x7fc146278690>, <keras.layers.convolutional.Convolution2D object at 0x7fc146278d10>, <keras.layers.core.Activation object at 0x7fc1507c0550>, <keras.layers.pooling.MaxPooling2D object at 0x7fc1507c0fd0>, <keras.layers.convolutional.ZeroPadding2D object at 0x7fc1507c0b50>, <keras.layers.convolutional.Convolution2D object at 0x7fc1507b2fd0>, <keras.layers.core.Activation object at 0x7fc1507d1ed0>, <keras.layers.pooling.MaxPooling2D object at 0x7fc1507d1d90>, <keras.layers.core.Flatten object at 0x7fc1507d1b90>, <keras.layers.core.Dense object at 0x7fc15077d610>, <keras.layers.core.Dropout object at 0x7fc150726810>, <keras.layers.core.Dense object at 0x7fc1506f1ed0>, <keras.layers.core.Dropout object at 0x7fc15070ae90>, <keras.layers.core.Dense object at 0x7fc1506f1290>]",<keras.optimizers.Adam object at 0x7fc150683f10>,0.74609082904815671,0.8999999761581421,1e-08,0.9990000128746033,0.0010000000474974513,0.0,0.74294000000000004,0.74609082904815671,0.72260000000000002,0.82009985218048098
21,vgg2_6,5625994,26 Nov 2016 23:50:25,"[<keras.layers.convolutional.ZeroPadding2D object at 0x7fc153265750>, <keras.layers.convolutional.Convolution2D object at 0x7fc153265b90>, <keras.layers.core.Activation object at 0x7fc146278f90>, <keras.layers.pooling.MaxPooling2D object at 0x7fc146278650>, <keras.layers.convolutional.ZeroPadding2D object at 0x7fc146278690>, <keras.layers.convolutional.Convolution2D object at 0x7fc146278d10>, <keras.layers.core.Activation object at 0x7fc1507c0550>, <keras.layers.pooling.MaxPooling2D object at 0x7fc1507c0fd0>, <keras.layers.convolutional.ZeroPadding2D object at 0x7fc1507c0b50>, <keras.layers.convolutional.Convolution2D object at 0x7fc1507b2fd0>, <keras.layers.core.Activation object at 0x7fc1507d1ed0>, <keras.layers.pooling.MaxPooling2D object at 0x7fc1507d1d90>, <keras.layers.core.Flatten object at 0x7fc1507d1b90>, <keras.layers.core.Dense object at 0x7fc15077d610>, <keras.layers.core.Dropout object at 0x7fc150726810>, <keras.layers.core.Dense object at 0x7fc1506f1ed0>, <keras.layers.core.Dropout object at 0x7fc15070ae90>, <keras.layers.core.Dense object at 0x7fc1506f1290>]",<keras.optimizers.Adam object at 0x7fc150683f10>,0.74487520212173464,0.8999999761581421,1e-08,0.9990000128746033,0.0010000000474974513,0.0,0.74114000000000002,0.74487520212173464,0.71340000000000003,0.8512096976995468
22,vgg2_6,5625994,26 Nov 2016 23:51:10,"[<keras.layers.convolutional.ZeroPadding2D object at 0x7fc153265750>, <keras.layers.convolutional.Convolution2D object at 0x7fc153265b90>, <keras.layers.core.Activation object at 0x7fc146278f90>, <keras.layers.pooling.MaxPooling2D object at 0x7fc146278650>, <keras.layers.convolutional.ZeroPadding2D object at 0x7fc146278690>, <keras.layers.convolutional.Convolution2D object at 0x7fc146278d10>, <keras.layers.core.Activation object at 0x7fc1507c0550>, <keras.layers.pooling.MaxPooling2D object at 0x7fc1507c0fd0>, <keras.layers.convolutional.ZeroPadding2D object at 0x7fc1507c0b50>, <keras.layers.convolutional.Convolution2D object at 0x7fc1507b2fd0>, <keras.layers.core.Activation object at 0x7fc1507d1ed0>, <keras.layers.pooling.MaxPooling2D object at 0x7fc1507d1d90>, <keras.layers.core.Flatten object at 0x7fc1507d1b90>, <keras.layers.core.Dense object at 0x7fc15077d610>, <keras.layers.core.Dropout object at 0x7fc150726810>, <keras.layers.core.Dense object at 0x7fc1506f1ed0>, <keras.layers.core.Dropout object at 0x7fc15070ae90>, <keras.layers.core.Dense object at 0x7fc1506f1290>]",<keras.optimizers.Adam object at 0x7fc150683f10>,0.73641118891716006,0.8999999761581421,1e-08,0.9990000128746033,0.0010000000474974513,0.0,0.74602000000000002,0.73641118891716006,0.73780000000000001,0.7874685521364212
23,vgg2_6,5625994,26 Nov 2016 23:51:55,"[<keras.layers.convolutional.ZeroPadding2D object at 0x7fc153265750>, <keras.layers.convolutional.Convolution2D object at 0x7fc153265b90>, <keras.layers.core.Activation object at 0x7fc146278f90>, <keras.layers.pooling.MaxPooling2D object at 0x7fc146278650>, <keras.layers.convolutional.ZeroPadding2D object at 0x7fc146278690>, <keras.layers.convolutional.Convolution2D object at 0x7fc146278d10>, <keras.layers.core.Activation object at 0x7fc1507c0550>, <keras.layers.pooling.MaxPooling2D object at 0x7fc1507c0fd0>, <keras.layers.convolutional.ZeroPadding2D object at 0x7fc1507c0b50>, <keras.layers.convolutional.Convolution2D object at 0x7fc1507b2fd0>, <keras.layers.core.Activation object at 0x7fc1507d1ed0>, <keras.layers.pooling.MaxPooling2D object at 0x7fc1507d1d90>, <keras.layers.core.Flatten object at 0x7fc1507d1b90>, <keras.layers.core.Dense object at 0x7fc15077d610>, <keras.layers.core.Dropout object at 0x7fc150726810>, <keras.layers.core.Dense object at 0x7fc1506f1ed0>, <keras.layers.core.Dropout object at 0x7fc15070ae90>, <keras.layers.core.Dense object at 0x7fc1506f1290>]",<keras.optimizers.Adam object at 0x7fc150683f10>,0.7259050478172302,0.8999999761581421,1e-08,0.9990000128746033,0.0010000000474974513,0.0,0.74987999999999999,0.7259050478172302,0.72009999999999996,0.82061298561096196
24,vgg2_6,5625994,26 Nov 2016 23:52:41,"[<keras.layers.convolutional.ZeroPadding2D object at 0x7fc153265750>, <keras.layers.convolutional.Convolution2D object at 0x7fc153265b90>, <keras.layers.core.Activation object at 0x7fc146278f90>, <keras.layers.pooling.MaxPooling2D object at 0x7fc146278650>, <keras.layers.convolutional.ZeroPadding2D object at 0x7fc146278690>, <keras.layers.convolutional.Convolution2D object at 0x7fc146278d10>, <keras.layers.core.Activation object at 0x7fc1507c0550>, <keras.layers.pooling.MaxPooling2D object at 0x7fc1507c0fd0>, <keras.layers.convolutional.ZeroPadding2D object at 0x7fc1507c0b50>, <keras.layers.convolutional.Convolution2D object at 0x7fc1507b2fd0>, <keras.layers.core.Activation object at 0x7fc1507d1ed0>, <keras.layers.pooling.MaxPooling2D object at 0x7fc1507d1d90>, <keras.layers.core.Flatten object at 0x7fc1507d1b90>, <keras.layers.core.Dense object at 0x7fc15077d610>, <keras.layers.core.Dropout object at 0x7fc150726810>, <keras.layers.core.Dense object at 0x7fc1506f1ed0>, <keras.layers.core.Dropout object at 0x7fc15070ae90>, <keras.layers.core.Dense object at 0x7fc1506f1290>]",<keras.optimizers.Adam object at 0x7fc150683f10>,0.72107490425109866,0.8999999761581421,1e-08,0.9990000128746033,0.0010000000474974513,0.0,0.75105999999999995,0.72107490425109866,0.73860000000000003,0.77609329662323001
25,vgg2_6,5625994,26 Nov 2016 23:53:26,"[<keras.layers.convolutional.ZeroPadding2D object at 0x7fc153265750>, <keras.layers.convolutional.Convolution2D object at 0x7fc153265b90>, <keras.layers.core.Activation object at 0x7fc146278f90>, <keras.layers.pooling.MaxPooling2D object at 0x7fc146278650>, <keras.layers.convolutional.ZeroPadding2D object at 0x7fc146278690>, <keras.layers.convolutional.Convolution2D object at 0x7fc146278d10>, <keras.layers.core.Activation object at 0x7fc1507c0550>, <keras.layers.pooling.MaxPooling2D object at 0x7fc1507c0fd0>, <keras.layers.convolutional.ZeroPadding2D object at 0x7fc1507c0b50>, <keras.layers.convolutional.Convolution2D object at 0x7fc1507b2fd0>, <keras.layers.core.Activation object at 0x7fc1507d1ed0>, <keras.layers.pooling.MaxPooling2D object at 0x7fc1507d1d90>, <keras.layers.core.Flatten object at 0x7fc1507d1b90>, <keras.layers.core.Dense object at 0x7fc15077d610>, <keras.layers.core.Dropout object at 0x7fc150726810>, <keras.layers.core.Dense object at 0x7fc1506f1ed0>, <keras.layers.core.Dropout object at 0x7fc15070ae90>, <keras.layers.core.Dense object at 0x7fc1506f1290>]",<keras.optimizers.Adam object at 0x7fc150683f10>,0.71584776308059694,0.8999999761581421,1e-08,0.9990000128746033,0.0010000000474974513,0.0,0.75190000000000001,0.71584776308059694,0.74109999999999998,0.76947415413856501
26,vgg2_6,5625994,26 Nov 2016 23:54:11,"[<keras.layers.convolutional.ZeroPadding2D object at 0x7fc153265750>, <keras.layers.convolutional.Convolution2D object at 0x7fc153265b90>, <keras.layers.core.Activation object at 0x7fc146278f90>, <keras.layers.pooling.MaxPooling2D object at 0x7fc146278650>, <keras.layers.convolutional.ZeroPadding2D object at 0x7fc146278690>, <keras.layers.convolutional.Convolution2D object at 0x7fc146278d10>, <keras.layers.core.Activation object at 0x7fc1507c0550>, <keras.layers.pooling.MaxPooling2D object at 0x7fc1507c0fd0>, <keras.layers.convolutional.ZeroPadding2D object at 0x7fc1507c0b50>, <keras.layers.convolutional.Convolution2D object at 0x7fc1507b2fd0>, <keras.layers.core.Activation object at 0x7fc1507d1ed0>, <keras.layers.pooling.MaxPooling2D object at 0x7fc1507d1d90>, <keras.layers.core.Flatten object at 0x7fc1507d1b90>, <keras.layers.core.Dense object at 0x7fc15077d610>, <keras.layers.core.Dropout object at 0x7fc150726810>, <keras.layers.core.Dense object at 0x7fc1506f1ed0>, <keras.layers.core.Dropout object at 0x7fc15070ae90>, <keras.layers.core.Dense object at 0x7fc1506f1290>]",<keras.optimizers.Adam object at 0x7fc150683f10>,0.72231504565238958,0.8999999761581421,1e-08,0.9990000128746033,0.0010000000474974513,0.0,0.75216000000000005,0.72231504565238958,0.73070000000000002,0.80189928629398344
27,vgg2_6,5625994,26 Nov 2016 23:54:56,"[<keras.layers.convolutional.ZeroPadding2D object at 0x7fc153265750>, <keras.layers.convolutional.Convolution2D object at 0x7fc153265b90>, <keras.layers.core.Activation object at 0x7fc146278f90>, <keras.layers.pooling.MaxPooling2D object at 0x7fc146278650>, <keras.layers.convolutional.ZeroPadding2D object at 0x7fc146278690>, <keras.layers.convolutional.Convolution2D object at 0x7fc146278d10>, <keras.layers.core.Activation object at 0x7fc1507c0550>, <keras.layers.pooling.MaxPooling2D object at 0x7fc1507c0fd0>, <keras.layers.convolutional.ZeroPadding2D object at 0x7fc1507c0b50>, <keras.layers.convolutional.Convolution2D object at 0x7fc1507b2fd0>, <keras.layers.core.Activation object at 0x7fc1507d1ed0>, <keras.layers.pooling.MaxPooling2D object at 0x7fc1507d1d90>, <keras.layers.core.Flatten object at 0x7fc1507d1b90>, <keras.layers.core.Dense object at 0x7fc15077d610>, <keras.layers.core.Dropout object at 0x7fc150726810>, <keras.layers.core.Dense object at 0x7fc1506f1ed0>, <keras.layers.core.Dropout object at 0x7fc15070ae90>, <keras.layers.core.Dense object at 0x7fc1506f1290>]",<keras.optimizers.Adam object at 0x7fc150683f10>,0.70086505502700802,0.8999999761581421,1e-08,0.9990000128746033,0.0010000000474974513,0.0,0.75827999999999995,0.70086505502700802,0.73270000000000002,0.78292692153453824
28,vgg2_6,5625994,26 Nov 2016 23:55:41,"[<keras.layers.convolutional.ZeroPadding2D object at 0x7fc153265750>, <keras.layers.convolutional.Convolution2D object at 0x7fc153265b90>, <keras.layers.core.Activation object at 0x7fc146278f90>, <keras.layers.pooling.MaxPooling2D object at 0x7fc146278650>, <keras.layers.convolutional.ZeroPadding2D object at 0x7fc146278690>, <keras.layers.convolutional.Convolution2D object at 0x7fc146278d10>, <keras.layers.core.Activation object at 0x7fc1507c0550>, <keras.layers.pooling.MaxPooling2D object at 0x7fc1507c0fd0>, <keras.layers.convolutional.ZeroPadding2D object at 0x7fc1507c0b50>, <keras.layers.convolutional.Convolution2D object at 0x7fc1507b2fd0>, <keras.layers.core.Activation object at 0x7fc1507d1ed0>, <keras.layers.pooling.MaxPooling2D object at 0x7fc1507d1d90>, <keras.layers.core.Flatten object at 0x7fc1507d1b90>, <keras.layers.core.Dense object at 0x7fc15077d610>, <keras.layers.core.Dropout object at 0x7fc150726810>, <keras.layers.core.Dense object at 0x7fc1506f1ed0>, <keras.layers.core.Dropout object at 0x7fc15070ae90>, <keras.layers.core.Dense object at 0x7fc1506f1290>]",<keras.optimizers.Adam object at 0x7fc150683f10>,0.69843007700920101,0.8999999761581421,1e-08,0.9990000128746033,0.0010000000474974513,0.0,0.75871999999999995,0.69843007700920101,0.6825,0.94262003078460699
29,vgg2_6,5625994,26 Nov 2016 23:56:26,"[<keras.layers.convolutional.ZeroPadding2D object at 0x7fc153265750>, <keras.layers.convolutional.Convolution2D object at 0x7fc153265b90>, <keras.layers.core.Activation object at 0x7fc146278f90>, <keras.layers.pooling.MaxPooling2D object at 0x7fc146278650>, <keras.layers.convolutional.ZeroPadding2D object at 0x7fc146278690>, <keras.layers.convolutional.Convolution2D object at 0x7fc146278d10>, <keras.layers.core.Activation object at 0x7fc1507c0550>, <keras.layers.pooling.MaxPooling2D object at 0x7fc1507c0fd0>, <keras.layers.convolutional.ZeroPadding2D object at 0x7fc1507c0b50>, <keras.layers.convolutional.Convolution2D object at 0x7fc1507b2fd0>, <keras.layers.core.Activation object at 0x7fc1507d1ed0>, <keras.layers.pooling.MaxPooling2D object at 0x7fc1507d1d90>, <keras.layers.core.Flatten object at 0x7fc1507d1b90>, <keras.layers.core.Dense object at 0x7fc15077d610>, <keras.layers.core.Dropout object at 0x7fc150726810>, <keras.layers.core.Dense object at 0x7fc1506f1ed0>, <keras.layers.core.Dropout object at 0x7fc15070ae90>, <keras.layers.core.Dense object at 0x7fc1506f1290>]",<keras.optimizers.Adam object at 0x7fc150683f10>,0.69544597673416142,0.8999999761581421,1e-08,0.9990000128746033,0.0010000000474974513,0.0,0.75931999999999999,0.69544597673416142,0.7349,0.78787197425365452
30,vgg2_6,5625994,26 Nov 2016 23:57:11,"[<keras.layers.convolutional.ZeroPadding2D object at 0x7fc153265750>, <keras.layers.convolutional.Convolution2D object at 0x7fc153265b90>, <keras.layers.core.Activation object at 0x7fc146278f90>, <keras.layers.pooling.MaxPooling2D object at 0x7fc146278650>, <keras.layers.convolutional.ZeroPadding2D object at 0x7fc146278690>, <keras.layers.convolutional.Convolution2D object at 0x7fc146278d10>, <keras.layers.core.Activation object at 0x7fc1507c0550>, <keras.layers.pooling.MaxPooling2D object at 0x7fc1507c0fd0>, <keras.layers.convolutional.ZeroPadding2D object at 0x7fc1507c0b50>, <keras.layers.convolutional.Convolution2D object at 0x7fc1507b2fd0>, <keras.layers.core.Activation object at 0x7fc1507d1ed0>, <keras.layers.pooling.MaxPooling2D object at 0x7fc1507d1d90>, <keras.layers.core.Flatten object at 0x7fc1507d1b90>, <keras.layers.core.Dense object at 0x7fc15077d610>, <keras.layers.core.Dropout object at 0x7fc150726810>, <keras.layers.core.Dense object at 0x7fc1506f1ed0>, <keras.layers.core.Dropout object at 0x7fc15070ae90>, <keras.layers.core.Dense object at 0x7fc1506f1290>]",<keras.optimizers.Adam object at 0x7fc150683f10>,0.68581317820549015,0.8999999761581421,1e-08,0.9990000128746033,0.0010000000474974513,0.0,0.76339999999999997,0.68581317820549015,0.73919999999999997,0.77351167848110203
31,vgg2_6,5625994,26 Nov 2016 23:57:56,"[<keras.layers.convolutional.ZeroPadding2D object at 0x7fc153265750>, <keras.layers.convolutional.Convolution2D object at 0x7fc153265b90>, <keras.layers.core.Activation object at 0x7fc146278f90>, <keras.layers.pooling.MaxPooling2D object at 0x7fc146278650>, <keras.layers.convolutional.ZeroPadding2D object at 0x7fc146278690>, <keras.layers.convolutional.Convolution2D object at 0x7fc146278d10>, <keras.layers.core.Activation object at 0x7fc1507c0550>, <keras.layers.pooling.MaxPooling2D object at 0x7fc1507c0fd0>, <keras.layers.convolutional.ZeroPadding2D object at 0x7fc1507c0b50>, <keras.layers.convolutional.Convolution2D object at 0x7fc1507b2fd0>, <keras.layers.core.Activation object at 0x7fc1507d1ed0>, <keras.layers.pooling.MaxPooling2D object at 0x7fc1507d1d90>, <keras.layers.core.Flatten object at 0x7fc1507d1b90>, <keras.layers.core.Dense object at 0x7fc15077d610>, <keras.layers.core.Dropout object at 0x7fc150726810>, <keras.layers.core.Dense object at 0x7fc1506f1ed0>, <keras.layers.core.Dropout object at 0x7fc15070ae90>, <keras.layers.core.Dense object at 0x7fc1506f1290>]",<keras.optimizers.Adam object at 0x7fc150683f10>,0.68809153316497806,0.8999999761581421,1e-08,0.9990000128746033,0.0010000000474974513,0.0,0.76341999999999999,0.68809153316497806,0.73899999999999999,0.75139302914142614
32,vgg2_6,5625994,26 Nov 2016 23:58:41,"[<keras.layers.convolutional.ZeroPadding2D object at 0x7fc153265750>, <keras.layers.convolutional.Convolution2D object at 0x7fc153265b90>, <keras.layers.core.Activation object at 0x7fc146278f90>, <keras.layers.pooling.MaxPooling2D object at 0x7fc146278650>, <keras.layers.convolutional.ZeroPadding2D object at 0x7fc146278690>, <keras.layers.convolutional.Convolution2D object at 0x7fc146278d10>, <keras.layers.core.Activation object at 0x7fc1507c0550>, <keras.layers.pooling.MaxPooling2D object at 0x7fc1507c0fd0>, <keras.layers.convolutional.ZeroPadding2D object at 0x7fc1507c0b50>, <keras.layers.convolutional.Convolution2D object at 0x7fc1507b2fd0>, <keras.layers.core.Activation object at 0x7fc1507d1ed0>, <keras.layers.pooling.MaxPooling2D object at 0x7fc1507d1d90>, <keras.layers.core.Flatten object at 0x7fc1507d1b90>, <keras.layers.core.Dense object at 0x7fc15077d610>, <keras.layers.core.Dropout object at 0x7fc150726810>, <keras.layers.core.Dense object at 0x7fc1506f1ed0>, <keras.layers.core.Dropout object at 0x7fc15070ae90>, <keras.layers.core.Dense object at 0x7fc1506f1290>]",<keras.optimizers.Adam object at 0x7fc150683f10>,0.68309394117355349,0.8999999761581421,1e-08,0.9990000128746033,0.0010000000474974513,0.0,0.76500000000000001,0.68309394117355349,0.7349,0.767149316239357
33,vgg2_6,5625994,26 Nov 2016 23:59:26,"[<keras.layers.convolutional.ZeroPadding2D object at 0x7fc153265750>, <keras.layers.convolutional.Convolution2D object at 0x7fc153265b90>, <keras.layers.core.Activation object at 0x7fc146278f90>, <keras.layers.pooling.MaxPooling2D object at 0x7fc146278650>, <keras.layers.convolutional.ZeroPadding2D object at 0x7fc146278690>, <keras.layers.convolutional.Convolution2D object at 0x7fc146278d10>, <keras.layers.core.Activation object at 0x7fc1507c0550>, <keras.layers.pooling.MaxPooling2D object at 0x7fc1507c0fd0>, <keras.layers.convolutional.ZeroPadding2D object at 0x7fc1507c0b50>, <keras.layers.convolutional.Convolution2D object at 0x7fc1507b2fd0>, <keras.layers.core.Activation object at 0x7fc1507d1ed0>, <keras.layers.pooling.MaxPooling2D object at 0x7fc1507d1d90>, <keras.layers.core.Flatten object at 0x7fc1507d1b90>, <keras.layers.core.Dense object at 0x7fc15077d610>, <keras.layers.core.Dropout object at 0x7fc150726810>, <keras.layers.core.Dense object at 0x7fc1506f1ed0>, <keras.layers.core.Dropout object at 0x7fc15070ae90>, <keras.layers.core.Dense object at 0x7fc1506f1290>]",<keras.optimizers.Adam object at 0x7fc150683f10>,0.67967619108200072,0.8999999761581421,1e-08,0.9990000128746033,0.0010000000474974513,0.0,0.7661,0.67967619108200072,0.7399,0.77049452817440034
34,vgg2_6,5625994,27 Nov 2016 00:00:11,"[<keras.layers.convolutional.ZeroPadding2D object at 0x7fc153265750>, <keras.layers.convolutional.Convolution2D object at 0x7fc153265b90>, <keras.layers.core.Activation object at 0x7fc146278f90>, <keras.layers.pooling.MaxPooling2D object at 0x7fc146278650>, <keras.layers.convolutional.ZeroPadding2D object at 0x7fc146278690>, <keras.layers.convolutional.Convolution2D object at 0x7fc146278d10>, <keras.layers.core.Activation object at 0x7fc1507c0550>, <keras.layers.pooling.MaxPooling2D object at 0x7fc1507c0fd0>, <keras.layers.convolutional.ZeroPadding2D object at 0x7fc1507c0b50>, <keras.layers.convolutional.Convolution2D object at 0x7fc1507b2fd0>, <keras.layers.core.Activation object at 0x7fc1507d1ed0>, <keras.layers.pooling.MaxPooling2D object at 0x7fc1507d1d90>, <keras.layers.core.Flatten object at 0x7fc1507d1b90>, <keras.layers.core.Dense object at 0x7fc15077d610>, <keras.layers.core.Dropout object at 0x7fc150726810>, <keras.layers.core.Dense object at 0x7fc1506f1ed0>, <keras.layers.core.Dropout object at 0x7fc15070ae90>, <keras.layers.core.Dense object at 0x7fc1506f1290>]",<keras.optimizers.Adam object at 0x7fc150683f10>,0.68664234369277954,0.8999999761581421,1e-08,0.9990000128746033,0.0010000000474974513,0.0,0.76622000000000001,0.68664234369277954,0.73399999999999999,0.76862984235286713
35,vgg2_6,5625994,27 Nov 2016 00:00:56,"[<keras.layers.convolutional.ZeroPadding2D object at 0x7fc153265750>, <keras.layers.convolutional.Convolution2D object at 0x7fc153265b90>, <keras.layers.core.Activation object at 0x7fc146278f90>, <keras.layers.pooling.MaxPooling2D object at 0x7fc146278650>, <keras.layers.convolutional.ZeroPadding2D object at 0x7fc146278690>, <keras.layers.convolutional.Convolution2D object at 0x7fc146278d10>, <keras.layers.core.Activation object at 0x7fc1507c0550>, <keras.layers.pooling.MaxPooling2D object at 0x7fc1507c0fd0>, <keras.layers.convolutional.ZeroPadding2D object at 0x7fc1507c0b50>, <keras.layers.convolutional.Convolution2D object at 0x7fc1507b2fd0>, <keras.layers.core.Activation object at 0x7fc1507d1ed0>, <keras.layers.pooling.MaxPooling2D object at 0x7fc1507d1d90>, <keras.layers.core.Flatten object at 0x7fc1507d1b90>, <keras.layers.core.Dense object at 0x7fc15077d610>, <keras.layers.core.Dropout object at 0x7fc150726810>, <keras.layers.core.Dense object at 0x7fc1506f1ed0>, <keras.layers.core.Dropout object at 0x7fc15070ae90>, <keras.layers.core.Dense object at 0x7fc1506f1290>]",<keras.optimizers.Adam object at 0x7fc150683f10>,0.67287044446945188,0.8999999761581421,1e-08,0.9990000128746033,0.0010000000474974513,0.0,0.76612000000000002,0.67287044446945188,0.73499999999999999,0.79056988711357112
36,vgg2_6,5625994,27 Nov 2016 00:01:41,"[<keras.layers.convolutional.ZeroPadding2D object at 0x7fc153265750>, <keras.layers.convolutional.Convolution2D object at 0x7fc153265b90>, <keras.layers.core.Activation object at 0x7fc146278f90>, <keras.layers.pooling.MaxPooling2D object at 0x7fc146278650>, <keras.layers.convolutional.ZeroPadding2D object at 0x7fc146278690>, <keras.layers.convolutional.Convolution2D object at 0x7fc146278d10>, <keras.layers.core.Activation object at 0x7fc1507c0550>, <keras.layers.pooling.MaxPooling2D object at 0x7fc1507c0fd0>, <keras.layers.convolutional.ZeroPadding2D object at 0x7fc1507c0b50>, <keras.layers.convolutional.Convolution2D object at 0x7fc1507b2fd0>, <keras.layers.core.Activation object at 0x7fc1507d1ed0>, <keras.layers.pooling.MaxPooling2D object at 0x7fc1507d1d90>, <keras.layers.core.Flatten object at 0x7fc1507d1b90>, <keras.layers.core.Dense object at 0x7fc15077d610>, <keras.layers.core.Dropout object at 0x7fc150726810>, <keras.layers.core.Dense object at 0x7fc1506f1ed0>, <keras.layers.core.Dropout object at 0x7fc15070ae90>, <keras.layers.core.Dense object at 0x7fc1506f1290>]",<keras.optimizers.Adam object at 0x7fc150683f10>,0.67156694836616515,0.8999999761581421,1e-08,0.9990000128746033,0.0010000000474974513,0.0,0.77029999999999998,0.67156694836616515,0.73780000000000001,0.78333120460510253
37,vgg2_6,5625994,27 Nov 2016 00:02:25,"[<keras.layers.convolutional.ZeroPadding2D object at 0x7fc153265750>, <keras.layers.convolutional.Convolution2D object at 0x7fc153265b90>, <keras.layers.core.Activation object at 0x7fc146278f90>, <keras.layers.pooling.MaxPooling2D object at 0x7fc146278650>, <keras.layers.convolutional.ZeroPadding2D object at 0x7fc146278690>, <keras.layers.convolutional.Convolution2D object at 0x7fc146278d10>, <keras.layers.core.Activation object at 0x7fc1507c0550>, <keras.layers.pooling.MaxPooling2D object at 0x7fc1507c0fd0>, <keras.layers.convolutional.ZeroPadding2D object at 0x7fc1507c0b50>, <keras.layers.convolutional.Convolution2D object at 0x7fc1507b2fd0>, <keras.layers.core.Activation object at 0x7fc1507d1ed0>, <keras.layers.pooling.MaxPooling2D object at 0x7fc1507d1d90>, <keras.layers.core.Flatten object at 0x7fc1507d1b90>, <keras.layers.core.Dense object at 0x7fc15077d610>, <keras.layers.core.Dropout object at 0x7fc150726810>, <keras.layers.core.Dense object at 0x7fc1506f1ed0>, <keras.layers.core.Dropout object at 0x7fc15070ae90>, <keras.layers.core.Dense object at 0x7fc1506f1290>]",<keras.optimizers.Adam object at 0x7fc150683f10>,0.66760396415710455,0.8999999761581421,1e-08,0.9990000128746033,0.0010000000474974513,0.0,0.77193999999999996,0.66760396415710455,0.74709999999999999,0.75745082144737241
38,vgg2_6,5625994,27 Nov 2016 00:03:10,"[<keras.layers.convolutional.ZeroPadding2D object at 0x7fc153265750>, <keras.layers.convolutional.Convolution2D object at 0x7fc153265b90>, <keras.layers.core.Activation object at 0x7fc146278f90>, <keras.layers.pooling.MaxPooling2D object at 0x7fc146278650>, <keras.layers.convolutional.ZeroPadding2D object at 0x7fc146278690>, <keras.layers.convolutional.Convolution2D object at 0x7fc146278d10>, <keras.layers.core.Activation object at 0x7fc1507c0550>, <keras.layers.pooling.MaxPooling2D object at 0x7fc1507c0fd0>, <keras.layers.convolutional.ZeroPadding2D object at 0x7fc1507c0b50>, <keras.layers.convolutional.Convolution2D object at 0x7fc1507b2fd0>, <keras.layers.core.Activation object at 0x7fc1507d1ed0>, <keras.layers.pooling.MaxPooling2D object at 0x7fc1507d1d90>, <keras.layers.core.Flatten object at 0x7fc1507d1b90>, <keras.layers.core.Dense object at 0x7fc15077d610>, <keras.layers.core.Dropout object at 0x7fc150726810>, <keras.layers.core.Dense object at 0x7fc1506f1ed0>, <keras.layers.core.Dropout object at 0x7fc15070ae90>, <keras.layers.core.Dense object at 0x7fc1506f1290>]",<keras.optimizers.Adam object at 0x7fc150683f10>,0.6605787602424622,0.8999999761581421,1e-08,0.9990000128746033,0.0010000000474974513,0.0,0.77295999999999998,0.6605787602424622,0.74660000000000004,0.74429471602439878
39,vgg2_6,5625994,27 Nov 2016 00:03:55,"[<keras.layers.convolutional.ZeroPadding2D object at 0x7fc153265750>, <keras.layers.convolutional.Convolution2D object at 0x7fc153265b90>, <keras.layers.core.Activation object at 0x7fc146278f90>, <keras.layers.pooling.MaxPooling2D object at 0x7fc146278650>, <keras.layers.convolutional.ZeroPadding2D object at 0x7fc146278690>, <keras.layers.convolutional.Convolution2D object at 0x7fc146278d10>, <keras.layers.core.Activation object at 0x7fc1507c0550>, <keras.layers.pooling.MaxPooling2D object at 0x7fc1507c0fd0>, <keras.layers.convolutional.ZeroPadding2D object at 0x7fc1507c0b50>, <keras.layers.convolutional.Convolution2D object at 0x7fc1507b2fd0>, <keras.layers.core.Activation object at 0x7fc1507d1ed0>, <keras.layers.pooling.MaxPooling2D object at 0x7fc1507d1d90>, <keras.layers.core.Flatten object at 0x7fc1507d1b90>, <keras.layers.core.Dense object at 0x7fc15077d610>, <keras.layers.core.Dropout object at 0x7fc150726810>, <keras.layers.core.Dense object at 0x7fc1506f1ed0>, <keras.layers.core.Dropout object at 0x7fc15070ae90>, <keras.layers.core.Dense object at 0x7fc1506f1290>]",<keras.optimizers.Adam object at 0x7fc150683f10>,0.65927784441947934,0.8999999761581421,1e-08,0.9990000128746033,0.0010000000474974513,0.0,0.77493999999999996,0.65927784441947934,0.74409999999999998,0.75419443924427032
40,vgg2_6,5625994,27 Nov 2016 00:04:40,"[<keras.layers.convolutional.ZeroPadding2D object at 0x7fc153265750>, <keras.layers.convolutional.Convolution2D object at 0x7fc153265b90>, <keras.layers.core.Activation object at 0x7fc146278f90>, <keras.layers.pooling.MaxPooling2D object at 0x7fc146278650>, <keras.layers.convolutional.ZeroPadding2D object at 0x7fc146278690>, <keras.layers.convolutional.Convolution2D object at 0x7fc146278d10>, <keras.layers.core.Activation object at 0x7fc1507c0550>, <keras.layers.pooling.MaxPooling2D object at 0x7fc1507c0fd0>, <keras.layers.convolutional.ZeroPadding2D object at 0x7fc1507c0b50>, <keras.layers.convolutional.Convolution2D object at 0x7fc1507b2fd0>, <keras.layers.core.Activation object at 0x7fc1507d1ed0>, <keras.layers.pooling.MaxPooling2D object at 0x7fc1507d1d90>, <keras.layers.core.Flatten object at 0x7fc1507d1b90>, <keras.layers.core.Dense object at 0x7fc15077d610>, <keras.layers.core.Dropout object at 0x7fc150726810>, <keras.layers.core.Dense object at 0x7fc1506f1ed0>, <keras.layers.core.Dropout object at 0x7fc15070ae90>, <keras.layers.core.Dense object at 0x7fc1506f1290>]",<keras.optimizers.Adam object at 0x7fc150683f10>,0.66265855862140655,0.8999999761581421,1e-08,0.9990000128746033,0.0010000000474974513,0.0,0.77346000000000004,0.66265855862140655,0.74909999999999999,0.74434672579765315
41,vgg2_6,5625994,27 Nov 2016 00:05:26,"[<keras.layers.convolutional.ZeroPadding2D object at 0x7fc153265750>, <keras.layers.convolutional.Convolution2D object at 0x7fc153265b90>, <keras.layers.core.Activation object at 0x7fc146278f90>, <keras.layers.pooling.MaxPooling2D object at 0x7fc146278650>, <keras.layers.convolutional.ZeroPadding2D object at 0x7fc146278690>, <keras.layers.convolutional.Convolution2D object at 0x7fc146278d10>, <keras.layers.core.Activation object at 0x7fc1507c0550>, <keras.layers.pooling.MaxPooling2D object at 0x7fc1507c0fd0>, <keras.layers.convolutional.ZeroPadding2D object at 0x7fc1507c0b50>, <keras.layers.convolutional.Convolution2D object at 0x7fc1507b2fd0>, <keras.layers.core.Activation object at 0x7fc1507d1ed0>, <keras.layers.pooling.MaxPooling2D object at 0x7fc1507d1d90>, <keras.layers.core.Flatten object at 0x7fc1507d1b90>, <keras.layers.core.Dense object at 0x7fc15077d610>, <keras.layers.core.Dropout object at 0x7fc150726810>, <keras.layers.core.Dense object at 0x7fc1506f1ed0>, <keras.layers.core.Dropout object at 0x7fc15070ae90>, <keras.layers.core.Dense object at 0x7fc1506f1290>]",<keras.optimizers.Adam object at 0x7fc150683f10>,0.65431063468933104,0.8999999761581421,1e-08,0.9990000128746033,0.0010000000474974513,0.0,0.77500000000000002,0.65431063468933104,0.75449999999999995,0.73594049744606016
42,vgg2_6,5625994,27 Nov 2016 00:06:10,"[<keras.layers.convolutional.ZeroPadding2D object at 0x7fc153265750>, <keras.layers.convolutional.Convolution2D object at 0x7fc153265b90>, <keras.layers.core.Activation object at 0x7fc146278f90>, <keras.layers.pooling.MaxPooling2D object at 0x7fc146278650>, <keras.layers.convolutional.ZeroPadding2D object at 0x7fc146278690>, <keras.layers.convolutional.Convolution2D object at 0x7fc146278d10>, <keras.layers.core.Activation object at 0x7fc1507c0550>, <keras.layers.pooling.MaxPooling2D object at 0x7fc1507c0fd0>, <keras.layers.convolutional.ZeroPadding2D object at 0x7fc1507c0b50>, <keras.layers.convolutional.Convolution2D object at 0x7fc1507b2fd0>, <keras.layers.core.Activation object at 0x7fc1507d1ed0>, <keras.layers.pooling.MaxPooling2D object at 0x7fc1507d1d90>, <keras.layers.core.Flatten object at 0x7fc1507d1b90>, <keras.layers.core.Dense object at 0x7fc15077d610>, <keras.layers.core.Dropout object at 0x7fc150726810>, <keras.layers.core.Dense object at 0x7fc1506f1ed0>, <keras.layers.core.Dropout object at 0x7fc15070ae90>, <keras.layers.core.Dense object at 0x7fc1506f1290>]",<keras.optimizers.Adam object at 0x7fc150683f10>,0.64722655340671542,0.8999999761581421,1e-08,0.9990000128746033,0.0010000000474974513,0.0,0.77639999999999998,0.64722655340671542,0.74450000000000005,0.75499255399703979
43,vgg2_6,5625994,27 Nov 2016 00:06:55,"[<keras.layers.convolutional.ZeroPadding2D object at 0x7fc153265750>, <keras.layers.convolutional.Convolution2D object at 0x7fc153265b90>, <keras.layers.core.Activation object at 0x7fc146278f90>, <keras.layers.pooling.MaxPooling2D object at 0x7fc146278650>, <keras.layers.convolutional.ZeroPadding2D object at 0x7fc146278690>, <keras.layers.convolutional.Convolution2D object at 0x7fc146278d10>, <keras.layers.core.Activation object at 0x7fc1507c0550>, <keras.layers.pooling.MaxPooling2D object at 0x7fc1507c0fd0>, <keras.layers.convolutional.ZeroPadding2D object at 0x7fc1507c0b50>, <keras.layers.convolutional.Convolution2D object at 0x7fc1507b2fd0>, <keras.layers.core.Activation object at 0x7fc1507d1ed0>, <keras.layers.pooling.MaxPooling2D object at 0x7fc1507d1d90>, <keras.layers.core.Flatten object at 0x7fc1507d1b90>, <keras.layers.core.Dense object at 0x7fc15077d610>, <keras.layers.core.Dropout object at 0x7fc150726810>, <keras.layers.core.Dense object at 0x7fc1506f1ed0>, <keras.layers.core.Dropout object at 0x7fc15070ae90>, <keras.layers.core.Dense object at 0x7fc1506f1290>]",<keras.optimizers.Adam object at 0x7fc150683f10>,0.64561861123085018,0.8999999761581421,1e-08,0.9990000128746033,0.0010000000474974513,0.0,0.77891999999999995,0.64561861123085018,0.74860000000000004,0.75466636130809783
